ASL;ANNO;SESSO;ETA;NUMERO
Bari;2006;Femmine;40-44;578
Bari;2006;Femmine;45-49;962
Bari;2006;Femmine;50-54;1715
Bari;2006;Femmine;55-59;2839
Bari;2006;Femmine;60-64;3679
Bari;2006;Femmine;65-69;4429
Bari;2006;Femmine;70-74;4940
Bari;2006;Femmine;75-79;4701
Bari;2006;Femmine;80-84;3331
Bari;2006;Femmine;85 e oltre;2227
Bari;2006;Maschi;40-44;708
Bari;2006;Maschi;45-49;1370
Bari;2006;Maschi;50-54;2096
Bari;2006;Maschi;55-59;3403
Bari;2006;Maschi;60-64;4037
Bari;2006;Maschi;65-69;4579
Bari;2006;Maschi;70-74;4269
Bari;2006;Maschi;75-79;3506
Bari;2006;Maschi;80-84;2036
Bari;2006;Maschi;85 e oltre;967
Bari;2006;Tutti;40-44;1286
Bari;2006;Tutti;45-49;2332
Bari;2006;Tutti;50-54;3811
Bari;2006;Tutti;55-59;6242
Bari;2006;Tutti;60-64;7716
Bari;2006;Tutti;65-69;9008
Bari;2006;Tutti;70-74;9209
Bari;2006;Tutti;75-79;8207
Bari;2006;Tutti;80-84;5367
Bari;2006;Tutti;85 e oltre;3194
Bari;2007;Femmine;40-44;725
Bari;2007;Femmine;45-49;1160
Bari;2007;Femmine;50-54;1961
Bari;2007;Femmine;55-59;3176
Bari;2007;Femmine;60-64;4253
Bari;2007;Femmine;65-69;4923
Bari;2007;Femmine;70-74;5544
Bari;2007;Femmine;75-79;5292
Bari;2007;Femmine;80-84;3841
Bari;2007;Femmine;85 e oltre;2781
Bari;2007;Maschi;40-44;873
Bari;2007;Maschi;45-49;1647
Bari;2007;Maschi;50-54;2597
Bari;2007;Maschi;55-59;3940
Bari;2007;Maschi;60-64;4885
Bari;2007;Maschi;65-69;5316
Bari;2007;Maschi;70-74;4964
Bari;2007;Maschi;75-79;4072
Bari;2007;Maschi;80-84;2383
Bari;2007;Maschi;85 e oltre;1262
Bari;2007;Tutti;40-44;1598
Bari;2007;Tutti;45-49;2807
Bari;2007;Tutti;50-54;4558
Bari;2007;Tutti;55-59;7116
Bari;2007;Tutti;60-64;9138
Bari;2007;Tutti;65-69;10239
Bari;2007;Tutti;70-74;10508
Bari;2007;Tutti;75-79;9364
Bari;2007;Tutti;80-84;6224
Bari;2007;Tutti;85 e oltre;4043
Bari;2008;Femmine;40-44;801
Bari;2008;Femmine;45-49;1250
Bari;2008;Femmine;50-54;1981
Bari;2008;Femmine;55-59;3175
Bari;2008;Femmine;60-64;4574
Bari;2008;Femmine;65-69;4990
Bari;2008;Femmine;70-74;5550
Bari;2008;Femmine;75-79;5490
Bari;2008;Femmine;80-84;3961
Bari;2008;Femmine;85 e oltre;2991
Bari;2008;Maschi;40-44;926
Bari;2008;Maschi;45-49;1715
Bari;2008;Maschi;50-54;2708
Bari;2008;Maschi;55-59;4015
Bari;2008;Maschi;60-64;5330
Bari;2008;Maschi;65-69;5476
Bari;2008;Maschi;70-74;5221
Bari;2008;Maschi;75-79;4228
Bari;2008;Maschi;80-84;2605
Bari;2008;Maschi;85 e oltre;1415
Bari;2008;Tutti;40-44;1727
Bari;2008;Tutti;45-49;2965
Bari;2008;Tutti;50-54;4689
Bari;2008;Tutti;55-59;7190
Bari;2008;Tutti;60-64;9904
Bari;2008;Tutti;65-69;10466
Bari;2008;Tutti;70-74;10771
Bari;2008;Tutti;75-79;9718
Bari;2008;Tutti;80-84;6566
Bari;2008;Tutti;85 e oltre;4406
Bari;2009;Femmine;40-44;852
Bari;2009;Femmine;45-49;1283
Bari;2009;Femmine;50-54;2131
Bari;2009;Femmine;55-59;3262
Bari;2009;Femmine;60-64;4824
Bari;2009;Femmine;65-69;5082
Bari;2009;Femmine;70-74;5673
Bari;2009;Femmine;75-79;5752
Bari;2009;Femmine;80-84;4209
Bari;2009;Femmine;85 e oltre;3178
Bari;2009;Maschi;40-44;945
Bari;2009;Maschi;45-49;1802
Bari;2009;Maschi;50-54;2847
Bari;2009;Maschi;55-59;4122
Bari;2009;Maschi;60-64;5786
Bari;2009;Maschi;65-69;5702
Bari;2009;Maschi;70-74;5535
Bari;2009;Maschi;75-79;4514
Bari;2009;Maschi;80-84;2828
Bari;2009;Maschi;85 e oltre;1553
Bari;2009;Tutti;40-44;1797
Bari;2009;Tutti;45-49;3085
Bari;2009;Tutti;50-54;4978
Bari;2009;Tutti;55-59;7384
Bari;2009;Tutti;60-64;10610
Bari;2009;Tutti;65-69;10784
Bari;2009;Tutti;70-74;11208
Bari;2009;Tutti;75-79;10266
Bari;2009;Tutti;80-84;7037
Bari;2009;Tutti;85 e oltre;4731
Bari;2010;Femmine;40-44;882
Bari;2010;Femmine;45-49;1403
Bari;2010;Femmine;50-54;2219
Bari;2010;Femmine;55-59;3358
Bari;2010;Femmine;60-64;5057
Bari;2010;Femmine;65-69;5300
Bari;2010;Femmine;70-74;5891
Bari;2010;Femmine;75-79;5767
Bari;2010;Femmine;80-84;4543
Bari;2010;Femmine;85 e oltre;3441
Bari;2010;Maschi;40-44;959
Bari;2010;Maschi;45-49;1850
Bari;2010;Maschi;50-54;3034
Bari;2010;Maschi;55-59;4156
Bari;2010;Maschi;60-64;6153
Bari;2010;Maschi;65-69;5874
Bari;2010;Maschi;70-74;5955
Bari;2010;Maschi;75-79;4802
Bari;2010;Maschi;80-84;3127
Bari;2010;Maschi;85 e oltre;1759
Bari;2010;Tutti;40-44;1841
Bari;2010;Tutti;45-49;3253
Bari;2010;Tutti;50-54;5253
Bari;2010;Tutti;55-59;7514
Bari;2010;Tutti;60-64;11210
Bari;2010;Tutti;65-69;11174
Bari;2010;Tutti;70-74;11846
Bari;2010;Tutti;75-79;10569
Bari;2010;Tutti;80-84;7670
Bari;2010;Tutti;85 e oltre;5200
Bari;2011;Femmine;40-44;921
Bari;2011;Femmine;45-49;1416
Bari;2011;Femmine;50-54;2226
Bari;2011;Femmine;55-59;3377
Bari;2011;Femmine;60-64;4963
Bari;2011;Femmine;65-69;5641
Bari;2011;Femmine;70-74;6022
Bari;2011;Femmine;75-79;5829
Bari;2011;Femmine;80-84;4708
Bari;2011;Femmine;85 e oltre;3698
Bari;2011;Maschi;40-44;931
Bari;2011;Maschi;45-49;1870
Bari;2011;Maschi;50-54;3151
Bari;2011;Maschi;55-59;4248
Bari;2011;Maschi;60-64;6106
Bari;2011;Maschi;65-69;6328
Bari;2011;Maschi;70-74;6188
Bari;2011;Maschi;75-79;4930
Bari;2011;Maschi;80-84;3332
Bari;2011;Maschi;85 e oltre;1882
Bari;2011;Tutti;40-44;1852
Bari;2011;Tutti;45-49;3286
Bari;2011;Tutti;50-54;5377
Bari;2011;Tutti;55-59;7625
Bari;2011;Tutti;60-64;11069
Bari;2011;Tutti;65-69;11969
Bari;2011;Tutti;70-74;12210
Bari;2011;Tutti;75-79;10759
Bari;2011;Tutti;80-84;8040
Bari;2011;Tutti;85 e oltre;5580
Bari;2012;Femmine;40-44;889
Bari;2012;Femmine;45-49;1426
Bari;2012;Femmine;50-54;2221
Bari;2012;Femmine;55-59;3370
Bari;2012;Femmine;60-64;4878
Bari;2012;Femmine;65-69;5783
Bari;2012;Femmine;70-74;6026
Bari;2012;Femmine;75-79;5979
Bari;2012;Femmine;80-84;4784
Bari;2012;Femmine;85 e oltre;3955
Bari;2012;Maschi;40-44;886
Bari;2012;Maschi;45-49;1837
Bari;2012;Maschi;50-54;3064
Bari;2012;Maschi;55-59;4404
Bari;2012;Maschi;60-64;6004
Bari;2012;Maschi;65-69;6777
Bari;2012;Maschi;70-74;6311
Bari;2012;Maschi;75-79;5214
Bari;2012;Maschi;80-84;3417
Bari;2012;Maschi;85 e oltre;2006
Bari;2012;Tutti;40-44;1775
Bari;2012;Tutti;45-49;3263
Bari;2012;Tutti;50-54;5285
Bari;2012;Tutti;55-59;7774
Bari;2012;Tutti;60-64;10882
Bari;2012;Tutti;65-69;12560
Bari;2012;Tutti;70-74;12337
Bari;2012;Tutti;75-79;11193
Bari;2012;Tutti;80-84;8201
Bari;2012;Tutti;85 e oltre;5961
Bari;2013;Femmine;40-44;882
Bari;2013;Femmine;45-49;1404
Bari;2013;Femmine;50-54;2224
Bari;2013;Femmine;55-59;3326
Bari;2013;Femmine;60-64;4675
Bari;2013;Femmine;65-69;6167
Bari;2013;Femmine;70-74;6001
Bari;2013;Femmine;75-79;6056
Bari;2013;Femmine;80-84;4995
Bari;2013;Femmine;85 e oltre;4198
Bari;2013;Maschi;40-44;858
Bari;2013;Maschi;45-49;1804
Bari;2013;Maschi;50-54;3103
Bari;2013;Maschi;55-59;4431
Bari;2013;Maschi;60-64;5934
Bari;2013;Maschi;65-69;7155
Bari;2013;Maschi;70-74;6456
Bari;2013;Maschi;75-79;5382
Bari;2013;Maschi;80-84;3617
Bari;2013;Maschi;85 e oltre;2219
Bari;2013;Tutti;40-44;1740
Bari;2013;Tutti;45-49;3208
Bari;2013;Tutti;50-54;5327
Bari;2013;Tutti;55-59;7757
Bari;2013;Tutti;60-64;10609
Bari;2013;Tutti;65-69;13322
Bari;2013;Tutti;70-74;12457
Bari;2013;Tutti;75-79;11438
Bari;2013;Tutti;80-84;8612
Bari;2013;Tutti;85 e oltre;6417
Bari;2014;Femmine;40-44;884
Bari;2014;Femmine;45-49;1424
Bari;2014;Femmine;50-54;2228
Bari;2014;Femmine;55-59;3314
Bari;2014;Femmine;60-64;4662
Bari;2014;Femmine;65-69;6362
Bari;2014;Femmine;70-74;6047
Bari;2014;Femmine;75-79;6043
Bari;2014;Femmine;80-84;5155
Bari;2014;Femmine;85 e oltre;4385
Bari;2014;Maschi;40-44;796
Bari;2014;Maschi;45-49;1732
Bari;2014;Maschi;50-54;3088
Bari;2014;Maschi;55-59;4547
Bari;2014;Maschi;60-64;5897
Bari;2014;Maschi;65-69;7426
Bari;2014;Maschi;70-74;6533
Bari;2014;Maschi;75-79;5612
Bari;2014;Maschi;80-84;3811
Bari;2014;Maschi;85 e oltre;2396
Bari;2014;Tutti;40-44;1680
Bari;2014;Tutti;45-49;3156
Bari;2014;Tutti;50-54;5316
Bari;2014;Tutti;55-59;7861
Bari;2014;Tutti;60-64;10559
Bari;2014;Tutti;65-69;13788
Bari;2014;Tutti;70-74;12580
Bari;2014;Tutti;75-79;11655
Bari;2014;Tutti;80-84;8966
Bari;2014;Tutti;85 e oltre;6781
Bari;2015;Femmine;40-44;917
Bari;2015;Femmine;45-49;1357
Bari;2015;Femmine;50-54;2264
Bari;2015;Femmine;55-59;3302
Bari;2015;Femmine;60-64;4534
Bari;2015;Femmine;65-69;6396
Bari;2015;Femmine;70-74;6068
Bari;2015;Femmine;75-79;6132
Bari;2015;Femmine;80-84;5121
Bari;2015;Femmine;85 e oltre;4692
Bari;2015;Maschi;40-44;752
Bari;2015;Maschi;45-49;1685
Bari;2015;Maschi;50-54;3056
Bari;2015;Maschi;55-59;4577
Bari;2015;Maschi;60-64;5772
Bari;2015;Maschi;65-69;7681
Bari;2015;Maschi;70-74;6631
Bari;2015;Maschi;75-79;5883
Bari;2015;Maschi;80-84;3987
Bari;2015;Maschi;85 e oltre;2578
Bari;2015;Tutti;40-44;1669
Bari;2015;Tutti;45-49;3042
Bari;2015;Tutti;50-54;5320
Bari;2015;Tutti;55-59;7879
Bari;2015;Tutti;60-64;10306
Bari;2015;Tutti;65-69;14077
Bari;2015;Tutti;70-74;12699
Bari;2015;Tutti;75-79;12015
Bari;2015;Tutti;80-84;9108
Bari;2015;Tutti;85 e oltre;7270
Bari;2016;Femmine;40-44;964
Bari;2016;Femmine;45-49;1361
Bari;2016;Femmine;50-54;2191
Bari;2016;Femmine;55-59;3303
Bari;2016;Femmine;60-64;4489
Bari;2016;Femmine;65-69;6181
Bari;2016;Femmine;70-74;6385
Bari;2016;Femmine;75-79;6195
Bari;2016;Femmine;80-84;5176
Bari;2016;Femmine;85 e oltre;4840
Bari;2016;Maschi;40-44;730
Bari;2016;Maschi;45-49;1626
Bari;2016;Maschi;50-54;2940
Bari;2016;Maschi;55-59;4654
Bari;2016;Maschi;60-64;5763
Bari;2016;Maschi;65-69;7518
Bari;2016;Maschi;70-74;7104
Bari;2016;Maschi;75-79;6124
Bari;2016;Maschi;80-84;4058
Bari;2016;Maschi;85 e oltre;2749
Bari;2016;Tutti;40-44;1694
Bari;2016;Tutti;45-49;2987
Bari;2016;Tutti;50-54;5131
Bari;2016;Tutti;55-59;7957
Bari;2016;Tutti;60-64;10252
Bari;2016;Tutti;65-69;13699
Bari;2016;Tutti;70-74;13489
Bari;2016;Tutti;75-79;12319
Bari;2016;Tutti;80-84;9234
Bari;2016;Tutti;85 e oltre;7589
Bari;2017;Femmine;40-44;1048
Bari;2017;Femmine;45-49;1326
Bari;2017;Femmine;50-54;2193
Bari;2017;Femmine;55-59;3350
Bari;2017;Femmine;60-64;4453
Bari;2017;Femmine;65-69;6020
Bari;2017;Femmine;70-74;6600
Bari;2017;Femmine;75-79;6228
Bari;2017;Femmine;80-84;5346
Bari;2017;Femmine;85 e oltre;5026
Bari;2017;Maschi;40-44;721
Bari;2017;Maschi;45-49;1581
Bari;2017;Maschi;50-54;2893
Bari;2017;Maschi;55-59;4550
Bari;2017;Maschi;60-64;5968
Bari;2017;Maschi;65-69;7317
Bari;2017;Maschi;70-74;7489
Bari;2017;Maschi;75-79;6297
Bari;2017;Maschi;80-84;4308
Bari;2017;Maschi;85 e oltre;2884
Bari;2017;Tutti;40-44;1769
Bari;2017;Tutti;45-49;2907
Bari;2017;Tutti;50-54;5086
Bari;2017;Tutti;55-59;7900
Bari;2017;Tutti;60-64;10421
Bari;2017;Tutti;65-69;13337
Bari;2017;Tutti;70-74;14089
Bari;2017;Tutti;75-79;12525
Bari;2017;Tutti;80-84;9654
Bari;2017;Tutti;85 e oltre;7910
Bari;2018;Femmine;40-44;1052
Bari;2018;Femmine;45-49;1278
Bari;2018;Femmine;50-54;2183
Bari;2018;Femmine;55-59;3306
Bari;2018;Femmine;60-64;4411
Bari;2018;Femmine;65-69;5770
Bari;2018;Femmine;70-74;7048
Bari;2018;Femmine;75-79;6228
Bari;2018;Femmine;80-84;5551
Bari;2018;Femmine;85 e oltre;5717
Bari;2018;Maschi;40-44;706
Bari;2018;Maschi;45-49;1486
Bari;2018;Maschi;50-54;2880
Bari;2018;Maschi;55-59;4609
Bari;2018;Maschi;60-64;5981
Bari;2018;Maschi;65-69;7282
Bari;2018;Maschi;70-74;7981
Bari;2018;Maschi;75-79;6557
Bari;2018;Maschi;80-84;4658
Bari;2018;Maschi;85 e oltre;3421
Bari;2018;Tutti;40-44;1758
Bari;2018;Tutti;45-49;2764
Bari;2018;Tutti;50-54;5063
Bari;2018;Tutti;55-59;7915
Bari;2018;Tutti;60-64;10392
Bari;2018;Tutti;65-69;13052
Bari;2018;Tutti;70-74;15029
Bari;2018;Tutti;75-79;12785
Bari;2018;Tutti;80-84;10209
Bari;2018;Tutti;85 e oltre;9138
Bari;2019;Femmine;40-44;1078
Bari;2019;Femmine;45-49;1265
Bari;2019;Femmine;50-54;2116
Bari;2019;Femmine;55-59;3236
Bari;2019;Femmine;60-64;4405
Bari;2019;Femmine;65-69;5679
Bari;2019;Femmine;70-74;7151
Bari;2019;Femmine;75-79;6169
Bari;2019;Femmine;80-84;5379
Bari;2019;Femmine;85 e oltre;5511
Bari;2019;Maschi;40-44;701
Bari;2019;Maschi;45-49;1399
Bari;2019;Maschi;50-54;2779
Bari;2019;Maschi;55-59;4602
Bari;2019;Maschi;60-64;6028
Bari;2019;Maschi;65-69;7183
Bari;2019;Maschi;70-74;8234
Bari;2019;Maschi;75-79;6455
Bari;2019;Maschi;80-84;4688
Bari;2019;Maschi;85 e oltre;3320
Bari;2019;Tutti;40-44;1779
Bari;2019;Tutti;45-49;2664
Bari;2019;Tutti;50-54;4895
Bari;2019;Tutti;55-59;7838
Bari;2019;Tutti;60-64;10433
Bari;2019;Tutti;65-69;12862
Bari;2019;Tutti;70-74;15385
Bari;2019;Tutti;75-79;12624
Bari;2019;Tutti;80-84;10067
Bari;2019;Tutti;85 e oltre;8831
BAT;2006;Femmine;40-44;155
BAT;2006;Femmine;45-49;318
BAT;2006;Femmine;50-54;511
BAT;2006;Femmine;55-59;984
BAT;2006;Femmine;60-64;1205
BAT;2006;Femmine;65-69;1418
BAT;2006;Femmine;70-74;1480
BAT;2006;Femmine;75-79;1324
BAT;2006;Femmine;80-84;912
BAT;2006;Femmine;85 e oltre;529
BAT;2006;Maschi;40-44;243
BAT;2006;Maschi;45-49;390
BAT;2006;Maschi;50-54;604
BAT;2006;Maschi;55-59;963
BAT;2006;Maschi;60-64;1215
BAT;2006;Maschi;65-69;1282
BAT;2006;Maschi;70-74;1126
BAT;2006;Maschi;75-79;945
BAT;2006;Maschi;80-84;546
BAT;2006;Maschi;85 e oltre;263
BAT;2006;Tutti;40-44;398
BAT;2006;Tutti;45-49;708
BAT;2006;Tutti;50-54;1115
BAT;2006;Tutti;55-59;1947
BAT;2006;Tutti;60-64;2420
BAT;2006;Tutti;65-69;2700
BAT;2006;Tutti;70-74;2606
BAT;2006;Tutti;75-79;2269
BAT;2006;Tutti;80-84;1458
BAT;2006;Tutti;85 e oltre;792
BAT;2007;Femmine;40-44;218
BAT;2007;Femmine;45-49;343
BAT;2007;Femmine;50-54;580
BAT;2007;Femmine;55-59;1035
BAT;2007;Femmine;60-64;1387
BAT;2007;Femmine;65-69;1580
BAT;2007;Femmine;70-74;1673
BAT;2007;Femmine;75-79;1457
BAT;2007;Femmine;80-84;1041
BAT;2007;Femmine;85 e oltre;695
BAT;2007;Maschi;40-44;295
BAT;2007;Maschi;45-49;488
BAT;2007;Maschi;50-54;685
BAT;2007;Maschi;55-59;1102
BAT;2007;Maschi;60-64;1387
BAT;2007;Maschi;65-69;1497
BAT;2007;Maschi;70-74;1315
BAT;2007;Maschi;75-79;1101
BAT;2007;Maschi;80-84;670
BAT;2007;Maschi;85 e oltre;337
BAT;2007;Tutti;40-44;513
BAT;2007;Tutti;45-49;831
BAT;2007;Tutti;50-54;1265
BAT;2007;Tutti;55-59;2137
BAT;2007;Tutti;60-64;2774
BAT;2007;Tutti;65-69;3077
BAT;2007;Tutti;70-74;2988
BAT;2007;Tutti;75-79;2558
BAT;2007;Tutti;80-84;1711
BAT;2007;Tutti;85 e oltre;1032
BAT;2008;Femmine;40-44;240
BAT;2008;Femmine;45-49;347
BAT;2008;Femmine;50-54;590
BAT;2008;Femmine;55-59;1011
BAT;2008;Femmine;60-64;1475
BAT;2008;Femmine;65-69;1619
BAT;2008;Femmine;70-74;1639
BAT;2008;Femmine;75-79;1496
BAT;2008;Femmine;80-84;1100
BAT;2008;Femmine;85 e oltre;743
BAT;2008;Maschi;40-44;286
BAT;2008;Maschi;45-49;517
BAT;2008;Maschi;50-54;729
BAT;2008;Maschi;55-59;1097
BAT;2008;Maschi;60-64;1439
BAT;2008;Maschi;65-69;1592
BAT;2008;Maschi;70-74;1397
BAT;2008;Maschi;75-79;1098
BAT;2008;Maschi;80-84;712
BAT;2008;Maschi;85 e oltre;346
BAT;2008;Tutti;40-44;526
BAT;2008;Tutti;45-49;864
BAT;2008;Tutti;50-54;1319
BAT;2008;Tutti;55-59;2108
BAT;2008;Tutti;60-64;2914
BAT;2008;Tutti;65-69;3211
BAT;2008;Tutti;70-74;3036
BAT;2008;Tutti;75-79;2594
BAT;2008;Tutti;80-84;1812
BAT;2008;Tutti;85 e oltre;1089
BAT;2009;Femmine;40-44;219
BAT;2009;Femmine;45-49;389
BAT;2009;Femmine;50-54;579
BAT;2009;Femmine;55-59;979
BAT;2009;Femmine;60-64;1567
BAT;2009;Femmine;65-69;1582
BAT;2009;Femmine;70-74;1741
BAT;2009;Femmine;75-79;1531
BAT;2009;Femmine;80-84;1139
BAT;2009;Femmine;85 e oltre;785
BAT;2009;Maschi;40-44;298
BAT;2009;Maschi;45-49;534
BAT;2009;Maschi;50-54;790
BAT;2009;Maschi;55-59;1098
BAT;2009;Maschi;60-64;1554
BAT;2009;Maschi;65-69;1652
BAT;2009;Maschi;70-74;1490
BAT;2009;Maschi;75-79;1160
BAT;2009;Maschi;80-84;760
BAT;2009;Maschi;85 e oltre;375
BAT;2009;Tutti;40-44;517
BAT;2009;Tutti;45-49;923
BAT;2009;Tutti;50-54;1369
BAT;2009;Tutti;55-59;2077
BAT;2009;Tutti;60-64;3121
BAT;2009;Tutti;65-69;3234
BAT;2009;Tutti;70-74;3231
BAT;2009;Tutti;75-79;2691
BAT;2009;Tutti;80-84;1899
BAT;2009;Tutti;85 e oltre;1160
BAT;2010;Femmine;40-44;247
BAT;2010;Femmine;45-49;398
BAT;2010;Femmine;50-54;639
BAT;2010;Femmine;55-59;983
BAT;2010;Femmine;60-64;1569
BAT;2010;Femmine;65-69;1651
BAT;2010;Femmine;70-74;1795
BAT;2010;Femmine;75-79;1568
BAT;2010;Femmine;80-84;1217
BAT;2010;Femmine;85 e oltre;837
BAT;2010;Maschi;40-44;308
BAT;2010;Maschi;45-49;566
BAT;2010;Maschi;50-54;806
BAT;2010;Maschi;55-59;1159
BAT;2010;Maschi;60-64;1652
BAT;2010;Maschi;65-69;1717
BAT;2010;Maschi;70-74;1641
BAT;2010;Maschi;75-79;1234
BAT;2010;Maschi;80-84;818
BAT;2010;Maschi;85 e oltre;412
BAT;2010;Tutti;40-44;555
BAT;2010;Tutti;45-49;964
BAT;2010;Tutti;50-54;1445
BAT;2010;Tutti;55-59;2142
BAT;2010;Tutti;60-64;3221
BAT;2010;Tutti;65-69;3368
BAT;2010;Tutti;70-74;3436
BAT;2010;Tutti;75-79;2802
BAT;2010;Tutti;80-84;2035
BAT;2010;Tutti;85 e oltre;1249
BAT;2011;Femmine;40-44;245
BAT;2011;Femmine;45-49;392
BAT;2011;Femmine;50-54;641
BAT;2011;Femmine;55-59;917
BAT;2011;Femmine;60-64;1555
BAT;2011;Femmine;65-69;1703
BAT;2011;Femmine;70-74;1819
BAT;2011;Femmine;75-79;1638
BAT;2011;Femmine;80-84;1203
BAT;2011;Femmine;85 e oltre;914
BAT;2011;Maschi;40-44;278
BAT;2011;Maschi;45-49;592
BAT;2011;Maschi;50-54;817
BAT;2011;Maschi;55-59;1174
BAT;2011;Maschi;60-64;1620
BAT;2011;Maschi;65-69;1813
BAT;2011;Maschi;70-74;1745
BAT;2011;Maschi;75-79;1269
BAT;2011;Maschi;80-84;865
BAT;2011;Maschi;85 e oltre;446
BAT;2011;Tutti;40-44;523
BAT;2011;Tutti;45-49;984
BAT;2011;Tutti;50-54;1458
BAT;2011;Tutti;55-59;2091
BAT;2011;Tutti;60-64;3175
BAT;2011;Tutti;65-69;3516
BAT;2011;Tutti;70-74;3564
BAT;2011;Tutti;75-79;2907
BAT;2011;Tutti;80-84;2068
BAT;2011;Tutti;85 e oltre;1360
BAT;2012;Femmine;40-44;236
BAT;2012;Femmine;45-49;411
BAT;2012;Femmine;50-54;610
BAT;2012;Femmine;55-59;932
BAT;2012;Femmine;60-64;1473
BAT;2012;Femmine;65-69;1753
BAT;2012;Femmine;70-74;1846
BAT;2012;Femmine;75-79;1720
BAT;2012;Femmine;80-84;1256
BAT;2012;Femmine;85 e oltre;948
BAT;2012;Maschi;40-44;248
BAT;2012;Maschi;45-49;597
BAT;2012;Maschi;50-54;847
BAT;2012;Maschi;55-59;1161
BAT;2012;Maschi;60-64;1591
BAT;2012;Maschi;65-69;1862
BAT;2012;Maschi;70-74;1841
BAT;2012;Maschi;75-79;1367
BAT;2012;Maschi;80-84;909
BAT;2012;Maschi;85 e oltre;495
BAT;2012;Tutti;40-44;484
BAT;2012;Tutti;45-49;1008
BAT;2012;Tutti;50-54;1457
BAT;2012;Tutti;55-59;2093
BAT;2012;Tutti;60-64;3064
BAT;2012;Tutti;65-69;3615
BAT;2012;Tutti;70-74;3687
BAT;2012;Tutti;75-79;3087
BAT;2012;Tutti;80-84;2165
BAT;2012;Tutti;85 e oltre;1443
BAT;2013;Femmine;40-44;237
BAT;2013;Femmine;45-49;424
BAT;2013;Femmine;50-54;605
BAT;2013;Femmine;55-59;943
BAT;2013;Femmine;60-64;1388
BAT;2013;Femmine;65-69;1908
BAT;2013;Femmine;70-74;1865
BAT;2013;Femmine;75-79;1669
BAT;2013;Femmine;80-84;1279
BAT;2013;Femmine;85 e oltre;1027
BAT;2013;Maschi;40-44;234
BAT;2013;Maschi;45-49;553
BAT;2013;Maschi;50-54;908
BAT;2013;Maschi;55-59;1181
BAT;2013;Maschi;60-64;1600
BAT;2013;Maschi;65-69;1921
BAT;2013;Maschi;70-74;1901
BAT;2013;Maschi;75-79;1441
BAT;2013;Maschi;80-84;930
BAT;2013;Maschi;85 e oltre;553
BAT;2013;Tutti;40-44;471
BAT;2013;Tutti;45-49;977
BAT;2013;Tutti;50-54;1513
BAT;2013;Tutti;55-59;2124
BAT;2013;Tutti;60-64;2988
BAT;2013;Tutti;65-69;3829
BAT;2013;Tutti;70-74;3766
BAT;2013;Tutti;75-79;3110
BAT;2013;Tutti;80-84;2209
BAT;2013;Tutti;85 e oltre;1580
BAT;2014;Femmine;40-44;226
BAT;2014;Femmine;45-49;405
BAT;2014;Femmine;50-54;616
BAT;2014;Femmine;55-59;924
BAT;2014;Femmine;60-64;1367
BAT;2014;Femmine;65-69;1931
BAT;2014;Femmine;70-74;1822
BAT;2014;Femmine;75-79;1729
BAT;2014;Femmine;80-84;1315
BAT;2014;Femmine;85 e oltre;1071
BAT;2014;Maschi;40-44;251
BAT;2014;Maschi;45-49;543
BAT;2014;Maschi;50-54;934
BAT;2014;Maschi;55-59;1197
BAT;2014;Maschi;60-64;1560
BAT;2014;Maschi;65-69;2024
BAT;2014;Maschi;70-74;1910
BAT;2014;Maschi;75-79;1543
BAT;2014;Maschi;80-84;982
BAT;2014;Maschi;85 e oltre;590
BAT;2014;Tutti;40-44;477
BAT;2014;Tutti;45-49;948
BAT;2014;Tutti;50-54;1550
BAT;2014;Tutti;55-59;2121
BAT;2014;Tutti;60-64;2927
BAT;2014;Tutti;65-69;3955
BAT;2014;Tutti;70-74;3732
BAT;2014;Tutti;75-79;3272
BAT;2014;Tutti;80-84;2297
BAT;2014;Tutti;85 e oltre;1661
BAT;2015;Femmine;40-44;222
BAT;2015;Femmine;45-49;396
BAT;2015;Femmine;50-54;633
BAT;2015;Femmine;55-59;945
BAT;2015;Femmine;60-64;1313
BAT;2015;Femmine;65-69;1912
BAT;2015;Femmine;70-74;1845
BAT;2015;Femmine;75-79;1753
BAT;2015;Femmine;80-84;1341
BAT;2015;Femmine;85 e oltre;1099
BAT;2015;Maschi;40-44;246
BAT;2015;Maschi;45-49;525
BAT;2015;Maschi;50-54;945
BAT;2015;Maschi;55-59;1197
BAT;2015;Maschi;60-64;1537
BAT;2015;Maschi;65-69;2051
BAT;2015;Maschi;70-74;1907
BAT;2015;Maschi;75-79;1674
BAT;2015;Maschi;80-84;1042
BAT;2015;Maschi;85 e oltre;624
BAT;2015;Tutti;40-44;468
BAT;2015;Tutti;45-49;921
BAT;2015;Tutti;50-54;1578
BAT;2015;Tutti;55-59;2142
BAT;2015;Tutti;60-64;2850
BAT;2015;Tutti;65-69;3963
BAT;2015;Tutti;70-74;3752
BAT;2015;Tutti;75-79;3427
BAT;2015;Tutti;80-84;2383
BAT;2015;Tutti;85 e oltre;1723
BAT;2016;Femmine;40-44;239
BAT;2016;Femmine;45-49;371
BAT;2016;Femmine;50-54;672
BAT;2016;Femmine;55-59;954
BAT;2016;Femmine;60-64;1261
BAT;2016;Femmine;65-69;1876
BAT;2016;Femmine;70-74;1894
BAT;2016;Femmine;75-79;1812
BAT;2016;Femmine;80-84;1378
BAT;2016;Femmine;85 e oltre;1145
BAT;2016;Maschi;40-44;243
BAT;2016;Maschi;45-49;494
BAT;2016;Maschi;50-54;919
BAT;2016;Maschi;55-59;1198
BAT;2016;Maschi;60-64;1590
BAT;2016;Maschi;65-69;2036
BAT;2016;Maschi;70-74;1996
BAT;2016;Maschi;75-79;1737
BAT;2016;Maschi;80-84;1094
BAT;2016;Maschi;85 e oltre;686
BAT;2016;Tutti;40-44;482
BAT;2016;Tutti;45-49;865
BAT;2016;Tutti;50-54;1591
BAT;2016;Tutti;55-59;2152
BAT;2016;Tutti;60-64;2851
BAT;2016;Tutti;65-69;3912
BAT;2016;Tutti;70-74;3890
BAT;2016;Tutti;75-79;3549
BAT;2016;Tutti;80-84;2472
BAT;2016;Tutti;85 e oltre;1831
BAT;2017;Femmine;40-44;234
BAT;2017;Femmine;45-49;369
BAT;2017;Femmine;50-54;662
BAT;2017;Femmine;55-59;932
BAT;2017;Femmine;60-64;1281
BAT;2017;Femmine;65-69;1784
BAT;2017;Femmine;70-74;1918
BAT;2017;Femmine;75-79;1815
BAT;2017;Femmine;80-84;1433
BAT;2017;Femmine;85 e oltre;1194
BAT;2017;Maschi;40-44;245
BAT;2017;Maschi;45-49;453
BAT;2017;Maschi;50-54;895
BAT;2017;Maschi;55-59;1287
BAT;2017;Maschi;60-64;1615
BAT;2017;Maschi;65-69;1996
BAT;2017;Maschi;70-74;2081
BAT;2017;Maschi;75-79;1775
BAT;2017;Maschi;80-84;1191
BAT;2017;Maschi;85 e oltre;704
BAT;2017;Tutti;40-44;479
BAT;2017;Tutti;45-49;822
BAT;2017;Tutti;50-54;1557
BAT;2017;Tutti;55-59;2219
BAT;2017;Tutti;60-64;2896
BAT;2017;Tutti;65-69;3780
BAT;2017;Tutti;70-74;3999
BAT;2017;Tutti;75-79;3590
BAT;2017;Tutti;80-84;2624
BAT;2017;Tutti;85 e oltre;1898
BAT;2018;Femmine;40-44;219
BAT;2018;Femmine;45-49;361
BAT;2018;Femmine;50-54;671
BAT;2018;Femmine;55-59;936
BAT;2018;Femmine;60-64;1289
BAT;2018;Femmine;65-69;1682
BAT;2018;Femmine;70-74;2101
BAT;2018;Femmine;75-79;1868
BAT;2018;Femmine;80-84;1464
BAT;2018;Femmine;85 e oltre;1377
BAT;2018;Maschi;40-44;247
BAT;2018;Maschi;45-49;440
BAT;2018;Maschi;50-54;892
BAT;2018;Maschi;55-59;1339
BAT;2018;Maschi;60-64;1681
BAT;2018;Maschi;65-69;2012
BAT;2018;Maschi;70-74;2150
BAT;2018;Maschi;75-79;1940
BAT;2018;Maschi;80-84;1288
BAT;2018;Maschi;85 e oltre;817
BAT;2018;Tutti;40-44;466
BAT;2018;Tutti;45-49;801
BAT;2018;Tutti;50-54;1563
BAT;2018;Tutti;55-59;2275
BAT;2018;Tutti;60-64;2970
BAT;2018;Tutti;65-69;3694
BAT;2018;Tutti;70-74;4251
BAT;2018;Tutti;75-79;3808
BAT;2018;Tutti;80-84;2752
BAT;2018;Tutti;85 e oltre;2194
BAT;2019;Femmine;40-44;217
BAT;2019;Femmine;45-49;332
BAT;2019;Femmine;50-54;662
BAT;2019;Femmine;55-59;968
BAT;2019;Femmine;60-64;1274
BAT;2019;Femmine;65-69;1667
BAT;2019;Femmine;70-74;2087
BAT;2019;Femmine;75-79;1804
BAT;2019;Femmine;80-84;1524
BAT;2019;Femmine;85 e oltre;1299
BAT;2019;Maschi;40-44;227
BAT;2019;Maschi;45-49;448
BAT;2019;Maschi;50-54;870
BAT;2019;Maschi;55-59;1348
BAT;2019;Maschi;60-64;1692
BAT;2019;Maschi;65-69;1968
BAT;2019;Maschi;70-74;2234
BAT;2019;Maschi;75-79;1892
BAT;2019;Maschi;80-84;1312
BAT;2019;Maschi;85 e oltre;802
BAT;2019;Tutti;40-44;444
BAT;2019;Tutti;45-49;780
BAT;2019;Tutti;50-54;1532
BAT;2019;Tutti;55-59;2316
BAT;2019;Tutti;60-64;2966
BAT;2019;Tutti;65-69;3635
BAT;2019;Tutti;70-74;4321
BAT;2019;Tutti;75-79;3696
BAT;2019;Tutti;80-84;2836
BAT;2019;Tutti;85 e oltre;2101
Brindisi;2006;Femmine;40-44;136
Brindisi;2006;Femmine;45-49;273
Brindisi;2006;Femmine;50-54;476
Brindisi;2006;Femmine;55-59;949
Brindisi;2006;Femmine;60-64;1244
Brindisi;2006;Femmine;65-69;1507
Brindisi;2006;Femmine;70-74;1671
Brindisi;2006;Femmine;75-79;1607
Brindisi;2006;Femmine;80-84;1124
Brindisi;2006;Femmine;85 e oltre;730
Brindisi;2006;Maschi;40-44;231
Brindisi;2006;Maschi;45-49;352
Brindisi;2006;Maschi;50-54;648
Brindisi;2006;Maschi;55-59;967
Brindisi;2006;Maschi;60-64;1230
Brindisi;2006;Maschi;65-69;1372
Brindisi;2006;Maschi;70-74;1282
Brindisi;2006;Maschi;75-79;1102
Brindisi;2006;Maschi;80-84;623
Brindisi;2006;Maschi;85 e oltre;304
Brindisi;2006;Tutti;40-44;367
Brindisi;2006;Tutti;45-49;625
Brindisi;2006;Tutti;50-54;1124
Brindisi;2006;Tutti;55-59;1916
Brindisi;2006;Tutti;60-64;2474
Brindisi;2006;Tutti;65-69;2879
Brindisi;2006;Tutti;70-74;2953
Brindisi;2006;Tutti;75-79;2709
Brindisi;2006;Tutti;80-84;1747
Brindisi;2006;Tutti;85 e oltre;1034
Brindisi;2007;Femmine;40-44;171
Brindisi;2007;Femmine;45-49;327
Brindisi;2007;Femmine;50-54;580
Brindisi;2007;Femmine;55-59;1096
Brindisi;2007;Femmine;60-64;1454
Brindisi;2007;Femmine;65-69;1709
Brindisi;2007;Femmine;70-74;1849
Brindisi;2007;Femmine;75-79;1764
Brindisi;2007;Femmine;80-84;1278
Brindisi;2007;Femmine;85 e oltre;877
Brindisi;2007;Maschi;40-44;268
Brindisi;2007;Maschi;45-49;444
Brindisi;2007;Maschi;50-54;787
Brindisi;2007;Maschi;55-59;1164
Brindisi;2007;Maschi;60-64;1447
Brindisi;2007;Maschi;65-69;1644
Brindisi;2007;Maschi;70-74;1487
Brindisi;2007;Maschi;75-79;1175
Brindisi;2007;Maschi;80-84;734
Brindisi;2007;Maschi;85 e oltre;365
Brindisi;2007;Tutti;40-44;439
Brindisi;2007;Tutti;45-49;771
Brindisi;2007;Tutti;50-54;1367
Brindisi;2007;Tutti;55-59;2260
Brindisi;2007;Tutti;60-64;2901
Brindisi;2007;Tutti;65-69;3353
Brindisi;2007;Tutti;70-74;3336
Brindisi;2007;Tutti;75-79;2939
Brindisi;2007;Tutti;80-84;2012
Brindisi;2007;Tutti;85 e oltre;1242
Brindisi;2008;Femmine;40-44;184
Brindisi;2008;Femmine;45-49;348
Brindisi;2008;Femmine;50-54;594
Brindisi;2008;Femmine;55-59;1073
Brindisi;2008;Femmine;60-64;1512
Brindisi;2008;Femmine;65-69;1834
Brindisi;2008;Femmine;70-74;1861
Brindisi;2008;Femmine;75-79;1909
Brindisi;2008;Femmine;80-84;1349
Brindisi;2008;Femmine;85 e oltre;979
Brindisi;2008;Maschi;40-44;270
Brindisi;2008;Maschi;45-49;458
Brindisi;2008;Maschi;50-54;864
Brindisi;2008;Maschi;55-59;1164
Brindisi;2008;Maschi;60-64;1568
Brindisi;2008;Maschi;65-69;1751
Brindisi;2008;Maschi;70-74;1592
Brindisi;2008;Maschi;75-79;1238
Brindisi;2008;Maschi;80-84;797
Brindisi;2008;Maschi;85 e oltre;410
Brindisi;2008;Tutti;40-44;454
Brindisi;2008;Tutti;45-49;806
Brindisi;2008;Tutti;50-54;1458
Brindisi;2008;Tutti;55-59;2237
Brindisi;2008;Tutti;60-64;3080
Brindisi;2008;Tutti;65-69;3585
Brindisi;2008;Tutti;70-74;3453
Brindisi;2008;Tutti;75-79;3147
Brindisi;2008;Tutti;80-84;2146
Brindisi;2008;Tutti;85 e oltre;1389
Brindisi;2009;Femmine;40-44;182
Brindisi;2009;Femmine;45-49;376
Brindisi;2009;Femmine;50-54;629
Brindisi;2009;Femmine;55-59;1044
Brindisi;2009;Femmine;60-64;1594
Brindisi;2009;Femmine;65-69;1843
Brindisi;2009;Femmine;70-74;1935
Brindisi;2009;Femmine;75-79;1930
Brindisi;2009;Femmine;80-84;1425
Brindisi;2009;Femmine;85 e oltre;1055
Brindisi;2009;Maschi;40-44;284
Brindisi;2009;Maschi;45-49;490
Brindisi;2009;Maschi;50-54;911
Brindisi;2009;Maschi;55-59;1180
Brindisi;2009;Maschi;60-64;1715
Brindisi;2009;Maschi;65-69;1771
Brindisi;2009;Maschi;70-74;1716
Brindisi;2009;Maschi;75-79;1340
Brindisi;2009;Maschi;80-84;862
Brindisi;2009;Maschi;85 e oltre;439
Brindisi;2009;Tutti;40-44;466
Brindisi;2009;Tutti;45-49;866
Brindisi;2009;Tutti;50-54;1540
Brindisi;2009;Tutti;55-59;2224
Brindisi;2009;Tutti;60-64;3309
Brindisi;2009;Tutti;65-69;3614
Brindisi;2009;Tutti;70-74;3651
Brindisi;2009;Tutti;75-79;3270
Brindisi;2009;Tutti;80-84;2287
Brindisi;2009;Tutti;85 e oltre;1494
Brindisi;2010;Femmine;40-44;204
Brindisi;2010;Femmine;45-49;373
Brindisi;2010;Femmine;50-54;625
Brindisi;2010;Femmine;55-59;1063
Brindisi;2010;Femmine;60-64;1720
Brindisi;2010;Femmine;65-69;1861
Brindisi;2010;Femmine;70-74;2031
Brindisi;2010;Femmine;75-79;1953
Brindisi;2010;Femmine;80-84;1518
Brindisi;2010;Femmine;85 e oltre;1127
Brindisi;2010;Maschi;40-44;290
Brindisi;2010;Maschi;45-49;518
Brindisi;2010;Maschi;50-54;878
Brindisi;2010;Maschi;55-59;1259
Brindisi;2010;Maschi;60-64;1847
Brindisi;2010;Maschi;65-69;1837
Brindisi;2010;Maschi;70-74;1863
Brindisi;2010;Maschi;75-79;1396
Brindisi;2010;Maschi;80-84;945
Brindisi;2010;Maschi;85 e oltre;511
Brindisi;2010;Tutti;40-44;494
Brindisi;2010;Tutti;45-49;891
Brindisi;2010;Tutti;50-54;1503
Brindisi;2010;Tutti;55-59;2322
Brindisi;2010;Tutti;60-64;3567
Brindisi;2010;Tutti;65-69;3698
Brindisi;2010;Tutti;70-74;3894
Brindisi;2010;Tutti;75-79;3349
Brindisi;2010;Tutti;80-84;2463
Brindisi;2010;Tutti;85 e oltre;1638
Brindisi;2011;Femmine;40-44;217
Brindisi;2011;Femmine;45-49;342
Brindisi;2011;Femmine;50-54;604
Brindisi;2011;Femmine;55-59;1053
Brindisi;2011;Femmine;60-64;1701
Brindisi;2011;Femmine;65-69;1964
Brindisi;2011;Femmine;70-74;2077
Brindisi;2011;Femmine;75-79;1979
Brindisi;2011;Femmine;80-84;1586
Brindisi;2011;Femmine;85 e oltre;1186
Brindisi;2011;Maschi;40-44;298
Brindisi;2011;Maschi;45-49;526
Brindisi;2011;Maschi;50-54;864
Brindisi;2011;Maschi;55-59;1336
Brindisi;2011;Maschi;60-64;1791
Brindisi;2011;Maschi;65-69;1959
Brindisi;2011;Maschi;70-74;1948
Brindisi;2011;Maschi;75-79;1471
Brindisi;2011;Maschi;80-84;1008
Brindisi;2011;Maschi;85 e oltre;551
Brindisi;2011;Tutti;40-44;515
Brindisi;2011;Tutti;45-49;868
Brindisi;2011;Tutti;50-54;1468
Brindisi;2011;Tutti;55-59;2389
Brindisi;2011;Tutti;60-64;3492
Brindisi;2011;Tutti;65-69;3923
Brindisi;2011;Tutti;70-74;4025
Brindisi;2011;Tutti;75-79;3450
Brindisi;2011;Tutti;80-84;2594
Brindisi;2011;Tutti;85 e oltre;1737
Brindisi;2012;Femmine;40-44;212
Brindisi;2012;Femmine;45-49;347
Brindisi;2012;Femmine;50-54;606
Brindisi;2012;Femmine;55-59;1023
Brindisi;2012;Femmine;60-64;1647
Brindisi;2012;Femmine;65-69;2029
Brindisi;2012;Femmine;70-74;2107
Brindisi;2012;Femmine;75-79;2014
Brindisi;2012;Femmine;80-84;1616
Brindisi;2012;Femmine;85 e oltre;1325
Brindisi;2012;Maschi;40-44;288
Brindisi;2012;Maschi;45-49;551
Brindisi;2012;Maschi;50-54;857
Brindisi;2012;Maschi;55-59;1354
Brindisi;2012;Maschi;60-64;1803
Brindisi;2012;Maschi;65-69;1961
Brindisi;2012;Maschi;70-74;2047
Brindisi;2012;Maschi;75-79;1575
Brindisi;2012;Maschi;80-84;1010
Brindisi;2012;Maschi;85 e oltre;603
Brindisi;2012;Tutti;40-44;500
Brindisi;2012;Tutti;45-49;898
Brindisi;2012;Tutti;50-54;1463
Brindisi;2012;Tutti;55-59;2377
Brindisi;2012;Tutti;60-64;3450
Brindisi;2012;Tutti;65-69;3990
Brindisi;2012;Tutti;70-74;4154
Brindisi;2012;Tutti;75-79;3589
Brindisi;2012;Tutti;80-84;2626
Brindisi;2012;Tutti;85 e oltre;1928
Brindisi;2013;Femmine;40-44;214
Brindisi;2013;Femmine;45-49;345
Brindisi;2013;Femmine;50-54;642
Brindisi;2013;Femmine;55-59;1003
Brindisi;2013;Femmine;60-64;1571
Brindisi;2013;Femmine;65-69;2123
Brindisi;2013;Femmine;70-74;2165
Brindisi;2013;Femmine;75-79;2015
Brindisi;2013;Femmine;80-84;1684
Brindisi;2013;Femmine;85 e oltre;1405
Brindisi;2013;Maschi;40-44;285
Brindisi;2013;Maschi;45-49;565
Brindisi;2013;Maschi;50-54;873
Brindisi;2013;Maschi;55-59;1409
Brindisi;2013;Maschi;60-64;1751
Brindisi;2013;Maschi;65-69;2126
Brindisi;2013;Maschi;70-74;2079
Brindisi;2013;Maschi;75-79;1710
Brindisi;2013;Maschi;80-84;1045
Brindisi;2013;Maschi;85 e oltre;660
Brindisi;2013;Tutti;40-44;499
Brindisi;2013;Tutti;45-49;910
Brindisi;2013;Tutti;50-54;1515
Brindisi;2013;Tutti;55-59;2412
Brindisi;2013;Tutti;60-64;3322
Brindisi;2013;Tutti;65-69;4249
Brindisi;2013;Tutti;70-74;4244
Brindisi;2013;Tutti;75-79;3725
Brindisi;2013;Tutti;80-84;2729
Brindisi;2013;Tutti;85 e oltre;2065
Brindisi;2014;Femmine;40-44;233
Brindisi;2014;Femmine;45-49;346
Brindisi;2014;Femmine;50-54;681
Brindisi;2014;Femmine;55-59;1023
Brindisi;2014;Femmine;60-64;1504
Brindisi;2014;Femmine;65-69;2185
Brindisi;2014;Femmine;70-74;2195
Brindisi;2014;Femmine;75-79;2084
Brindisi;2014;Femmine;80-84;1725
Brindisi;2014;Femmine;85 e oltre;1484
Brindisi;2014;Maschi;40-44;275
Brindisi;2014;Maschi;45-49;558
Brindisi;2014;Maschi;50-54;896
Brindisi;2014;Maschi;55-59;1419
Brindisi;2014;Maschi;60-64;1718
Brindisi;2014;Maschi;65-69;2315
Brindisi;2014;Maschi;70-74;2045
Brindisi;2014;Maschi;75-79;1801
Brindisi;2014;Maschi;80-84;1118
Brindisi;2014;Maschi;85 e oltre;697
Brindisi;2014;Tutti;40-44;508
Brindisi;2014;Tutti;45-49;904
Brindisi;2014;Tutti;50-54;1577
Brindisi;2014;Tutti;55-59;2442
Brindisi;2014;Tutti;60-64;3222
Brindisi;2014;Tutti;65-69;4500
Brindisi;2014;Tutti;70-74;4240
Brindisi;2014;Tutti;75-79;3885
Brindisi;2014;Tutti;80-84;2843
Brindisi;2014;Tutti;85 e oltre;2181
Brindisi;2015;Femmine;40-44;237
Brindisi;2015;Femmine;45-49;356
Brindisi;2015;Femmine;50-54;647
Brindisi;2015;Femmine;55-59;1016
Brindisi;2015;Femmine;60-64;1490
Brindisi;2015;Femmine;65-69;2232
Brindisi;2015;Femmine;70-74;2172
Brindisi;2015;Femmine;75-79;2142
Brindisi;2015;Femmine;80-84;1700
Brindisi;2015;Femmine;85 e oltre;1537
Brindisi;2015;Maschi;40-44;291
Brindisi;2015;Maschi;45-49;538
Brindisi;2015;Maschi;50-54;911
Brindisi;2015;Maschi;55-59;1399
Brindisi;2015;Maschi;60-64;1736
Brindisi;2015;Maschi;65-69;2367
Brindisi;2015;Maschi;70-74;2094
Brindisi;2015;Maschi;75-79;1911
Brindisi;2015;Maschi;80-84;1122
Brindisi;2015;Maschi;85 e oltre;752
Brindisi;2015;Tutti;40-44;528
Brindisi;2015;Tutti;45-49;894
Brindisi;2015;Tutti;50-54;1558
Brindisi;2015;Tutti;55-59;2415
Brindisi;2015;Tutti;60-64;3226
Brindisi;2015;Tutti;65-69;4599
Brindisi;2015;Tutti;70-74;4266
Brindisi;2015;Tutti;75-79;4053
Brindisi;2015;Tutti;80-84;2822
Brindisi;2015;Tutti;85 e oltre;2289
Brindisi;2016;Femmine;40-44;242
Brindisi;2016;Femmine;45-49;380
Brindisi;2016;Femmine;50-54;607
Brindisi;2016;Femmine;55-59;1017
Brindisi;2016;Femmine;60-64;1491
Brindisi;2016;Femmine;65-69;2156
Brindisi;2016;Femmine;70-74;2297
Brindisi;2016;Femmine;75-79;2189
Brindisi;2016;Femmine;80-84;1727
Brindisi;2016;Femmine;85 e oltre;1604
Brindisi;2016;Maschi;40-44;271
Brindisi;2016;Maschi;45-49;540
Brindisi;2016;Maschi;50-54;928
Brindisi;2016;Maschi;55-59;1372
Brindisi;2016;Maschi;60-64;1857
Brindisi;2016;Maschi;65-69;2353
Brindisi;2016;Maschi;70-74;2230
Brindisi;2016;Maschi;75-79;1925
Brindisi;2016;Maschi;80-84;1211
Brindisi;2016;Maschi;85 e oltre;807
Brindisi;2016;Tutti;40-44;513
Brindisi;2016;Tutti;45-49;920
Brindisi;2016;Tutti;50-54;1535
Brindisi;2016;Tutti;55-59;2389
Brindisi;2016;Tutti;60-64;3348
Brindisi;2016;Tutti;65-69;4509
Brindisi;2016;Tutti;70-74;4527
Brindisi;2016;Tutti;75-79;4114
Brindisi;2016;Tutti;80-84;2938
Brindisi;2016;Tutti;85 e oltre;2411
Brindisi;2017;Femmine;40-44;264
Brindisi;2017;Femmine;45-49;373
Brindisi;2017;Femmine;50-54;613
Brindisi;2017;Femmine;55-59;1003
Brindisi;2017;Femmine;60-64;1455
Brindisi;2017;Femmine;65-69;2110
Brindisi;2017;Femmine;70-74;2390
Brindisi;2017;Femmine;75-79;2241
Brindisi;2017;Femmine;80-84;1779
Brindisi;2017;Femmine;85 e oltre;1667
Brindisi;2017;Maschi;40-44;269
Brindisi;2017;Maschi;45-49;512
Brindisi;2017;Maschi;50-54;941
Brindisi;2017;Maschi;55-59;1384
Brindisi;2017;Maschi;60-64;1927
Brindisi;2017;Maschi;65-69;2346
Brindisi;2017;Maschi;70-74;2310
Brindisi;2017;Maschi;75-79;2016
Brindisi;2017;Maschi;80-84;1323
Brindisi;2017;Maschi;85 e oltre;836
Brindisi;2017;Tutti;40-44;533
Brindisi;2017;Tutti;45-49;885
Brindisi;2017;Tutti;50-54;1554
Brindisi;2017;Tutti;55-59;2387
Brindisi;2017;Tutti;60-64;3382
Brindisi;2017;Tutti;65-69;4456
Brindisi;2017;Tutti;70-74;4700
Brindisi;2017;Tutti;75-79;4257
Brindisi;2017;Tutti;80-84;3102
Brindisi;2017;Tutti;85 e oltre;2503
Brindisi;2018;Femmine;40-44;265
Brindisi;2018;Femmine;45-49;355
Brindisi;2018;Femmine;50-54;637
Brindisi;2018;Femmine;55-59;1012
Brindisi;2018;Femmine;60-64;1438
Brindisi;2018;Femmine;65-69;2044
Brindisi;2018;Femmine;70-74;2486
Brindisi;2018;Femmine;75-79;2346
Brindisi;2018;Femmine;80-84;1825
Brindisi;2018;Femmine;85 e oltre;1907
Brindisi;2018;Maschi;40-44;271
Brindisi;2018;Maschi;45-49;486
Brindisi;2018;Maschi;50-54;956
Brindisi;2018;Maschi;55-59;1388
Brindisi;2018;Maschi;60-64;1985
Brindisi;2018;Maschi;65-69;2271
Brindisi;2018;Maschi;70-74;2575
Brindisi;2018;Maschi;75-79;2115
Brindisi;2018;Maschi;80-84;1477
Brindisi;2018;Maschi;85 e oltre;981
Brindisi;2018;Tutti;40-44;536
Brindisi;2018;Tutti;45-49;841
Brindisi;2018;Tutti;50-54;1593
Brindisi;2018;Tutti;55-59;2400
Brindisi;2018;Tutti;60-64;3423
Brindisi;2018;Tutti;65-69;4315
Brindisi;2018;Tutti;70-74;5061
Brindisi;2018;Tutti;75-79;4461
Brindisi;2018;Tutti;80-84;3302
Brindisi;2018;Tutti;85 e oltre;2888
Brindisi;2019;Femmine;40-44;258
Brindisi;2019;Femmine;45-49;363
Brindisi;2019;Femmine;50-54;605
Brindisi;2019;Femmine;55-59;1034
Brindisi;2019;Femmine;60-64;1442
Brindisi;2019;Femmine;65-69;1944
Brindisi;2019;Femmine;70-74;2514
Brindisi;2019;Femmine;75-79;2289
Brindisi;2019;Femmine;80-84;1853
Brindisi;2019;Femmine;85 e oltre;1780
Brindisi;2019;Maschi;40-44;251
Brindisi;2019;Maschi;45-49;480
Brindisi;2019;Maschi;50-54;924
Brindisi;2019;Maschi;55-59;1397
Brindisi;2019;Maschi;60-64;1977
Brindisi;2019;Maschi;65-69;2221
Brindisi;2019;Maschi;70-74;2718
Brindisi;2019;Maschi;75-79;2037
Brindisi;2019;Maschi;80-84;1524
Brindisi;2019;Maschi;85 e oltre;953
Brindisi;2019;Tutti;40-44;509
Brindisi;2019;Tutti;45-49;843
Brindisi;2019;Tutti;50-54;1529
Brindisi;2019;Tutti;55-59;2431
Brindisi;2019;Tutti;60-64;3419
Brindisi;2019;Tutti;65-69;4165
Brindisi;2019;Tutti;70-74;5232
Brindisi;2019;Tutti;75-79;4326
Brindisi;2019;Tutti;80-84;3377
Brindisi;2019;Tutti;85 e oltre;2733
Foggia;2006;Femmine;40-44;285
Foggia;2006;Femmine;45-49;543
Foggia;2006;Femmine;50-54;932
Foggia;2006;Femmine;55-59;1688
Foggia;2006;Femmine;60-64;2100
Foggia;2006;Femmine;65-69;2577
Foggia;2006;Femmine;70-74;2919
Foggia;2006;Femmine;75-79;2708
Foggia;2006;Femmine;80-84;2037
Foggia;2006;Femmine;85 e oltre;1248
Foggia;2006;Maschi;40-44;394
Foggia;2006;Maschi;45-49;716
Foggia;2006;Maschi;50-54;1147
Foggia;2006;Maschi;55-59;1753
Foggia;2006;Maschi;60-64;2088
Foggia;2006;Maschi;65-69;2280
Foggia;2006;Maschi;70-74;2231
Foggia;2006;Maschi;75-79;1811
Foggia;2006;Maschi;80-84;1246
Foggia;2006;Maschi;85 e oltre;543
Foggia;2006;Tutti;40-44;679
Foggia;2006;Tutti;45-49;1259
Foggia;2006;Tutti;50-54;2079
Foggia;2006;Tutti;55-59;3441
Foggia;2006;Tutti;60-64;4188
Foggia;2006;Tutti;65-69;4857
Foggia;2006;Tutti;70-74;5150
Foggia;2006;Tutti;75-79;4519
Foggia;2006;Tutti;80-84;3283
Foggia;2006;Tutti;85 e oltre;1791
Foggia;2007;Femmine;40-44;351
Foggia;2007;Femmine;45-49;631
Foggia;2007;Femmine;50-54;1109
Foggia;2007;Femmine;55-59;1912
Foggia;2007;Femmine;60-64;2439
Foggia;2007;Femmine;65-69;2896
Foggia;2007;Femmine;70-74;3209
Foggia;2007;Femmine;75-79;2986
Foggia;2007;Femmine;80-84;2318
Foggia;2007;Femmine;85 e oltre;1517
Foggia;2007;Maschi;40-44;489
Foggia;2007;Maschi;45-49;926
Foggia;2007;Maschi;50-54;1417
Foggia;2007;Maschi;55-59;2081
Foggia;2007;Maschi;60-64;2465
Foggia;2007;Maschi;65-69;2642
Foggia;2007;Maschi;70-74;2578
Foggia;2007;Maschi;75-79;2076
Foggia;2007;Maschi;80-84;1412
Foggia;2007;Maschi;85 e oltre;701
Foggia;2007;Tutti;40-44;840
Foggia;2007;Tutti;45-49;1557
Foggia;2007;Tutti;50-54;2526
Foggia;2007;Tutti;55-59;3993
Foggia;2007;Tutti;60-64;4904
Foggia;2007;Tutti;65-69;5538
Foggia;2007;Tutti;70-74;5787
Foggia;2007;Tutti;75-79;5062
Foggia;2007;Tutti;80-84;3730
Foggia;2007;Tutti;85 e oltre;2218
Foggia;2008;Femmine;40-44;365
Foggia;2008;Femmine;45-49;654
Foggia;2008;Femmine;50-54;1106
Foggia;2008;Femmine;55-59;1870
Foggia;2008;Femmine;60-64;2618
Foggia;2008;Femmine;65-69;2844
Foggia;2008;Femmine;70-74;3360
Foggia;2008;Femmine;75-79;3087
Foggia;2008;Femmine;80-84;2357
Foggia;2008;Femmine;85 e oltre;1709
Foggia;2008;Maschi;40-44;495
Foggia;2008;Maschi;45-49;964
Foggia;2008;Maschi;50-54;1499
Foggia;2008;Maschi;55-59;2082
Foggia;2008;Maschi;60-64;2779
Foggia;2008;Maschi;65-69;2722
Foggia;2008;Maschi;70-74;2710
Foggia;2008;Maschi;75-79;2146
Foggia;2008;Maschi;80-84;1493
Foggia;2008;Maschi;85 e oltre;769
Foggia;2008;Tutti;40-44;860
Foggia;2008;Tutti;45-49;1618
Foggia;2008;Tutti;50-54;2605
Foggia;2008;Tutti;55-59;3952
Foggia;2008;Tutti;60-64;5397
Foggia;2008;Tutti;65-69;5566
Foggia;2008;Tutti;70-74;6070
Foggia;2008;Tutti;75-79;5233
Foggia;2008;Tutti;80-84;3850
Foggia;2008;Tutti;85 e oltre;2478
Foggia;2009;Femmine;40-44;389
Foggia;2009;Femmine;45-49;671
Foggia;2009;Femmine;50-54;1133
Foggia;2009;Femmine;55-59;1809
Foggia;2009;Femmine;60-64;2787
Foggia;2009;Femmine;65-69;2834
Foggia;2009;Femmine;70-74;3444
Foggia;2009;Femmine;75-79;3249
Foggia;2009;Femmine;80-84;2491
Foggia;2009;Femmine;85 e oltre;1830
Foggia;2009;Maschi;40-44;497
Foggia;2009;Maschi;45-49;994
Foggia;2009;Maschi;50-54;1509
Foggia;2009;Maschi;55-59;2178
Foggia;2009;Maschi;60-64;2942
Foggia;2009;Maschi;65-69;2805
Foggia;2009;Maschi;70-74;2821
Foggia;2009;Maschi;75-79;2324
Foggia;2009;Maschi;80-84;1593
Foggia;2009;Maschi;85 e oltre;865
Foggia;2009;Tutti;40-44;886
Foggia;2009;Tutti;45-49;1665
Foggia;2009;Tutti;50-54;2642
Foggia;2009;Tutti;55-59;3987
Foggia;2009;Tutti;60-64;5729
Foggia;2009;Tutti;65-69;5639
Foggia;2009;Tutti;70-74;6265
Foggia;2009;Tutti;75-79;5573
Foggia;2009;Tutti;80-84;4084
Foggia;2009;Tutti;85 e oltre;2695
Foggia;2010;Femmine;40-44;411
Foggia;2010;Femmine;45-49;693
Foggia;2010;Femmine;50-54;1161
Foggia;2010;Femmine;55-59;1797
Foggia;2010;Femmine;60-64;2875
Foggia;2010;Femmine;65-69;2889
Foggia;2010;Femmine;70-74;3460
Foggia;2010;Femmine;75-79;3351
Foggia;2010;Femmine;80-84;2645
Foggia;2010;Femmine;85 e oltre;1969
Foggia;2010;Maschi;40-44;539
Foggia;2010;Maschi;45-49;961
Foggia;2010;Maschi;50-54;1581
Foggia;2010;Maschi;55-59;2234
Foggia;2010;Maschi;60-64;3148
Foggia;2010;Maschi;65-69;2849
Foggia;2010;Maschi;70-74;2993
Foggia;2010;Maschi;75-79;2466
Foggia;2010;Maschi;80-84;1676
Foggia;2010;Maschi;85 e oltre;964
Foggia;2010;Tutti;40-44;950
Foggia;2010;Tutti;45-49;1654
Foggia;2010;Tutti;50-54;2742
Foggia;2010;Tutti;55-59;4031
Foggia;2010;Tutti;60-64;6023
Foggia;2010;Tutti;65-69;5738
Foggia;2010;Tutti;70-74;6453
Foggia;2010;Tutti;75-79;5817
Foggia;2010;Tutti;80-84;4321
Foggia;2010;Tutti;85 e oltre;2933
Foggia;2011;Femmine;40-44;423
Foggia;2011;Femmine;45-49;688
Foggia;2011;Femmine;50-54;1157
Foggia;2011;Femmine;55-59;1830
Foggia;2011;Femmine;60-64;2794
Foggia;2011;Femmine;65-69;3087
Foggia;2011;Femmine;70-74;3448
Foggia;2011;Femmine;75-79;3445
Foggia;2011;Femmine;80-84;2730
Foggia;2011;Femmine;85 e oltre;2129
Foggia;2011;Maschi;40-44;517
Foggia;2011;Maschi;45-49;983
Foggia;2011;Maschi;50-54;1579
Foggia;2011;Maschi;55-59;2259
Foggia;2011;Maschi;60-64;3098
Foggia;2011;Maschi;65-69;3151
Foggia;2011;Maschi;70-74;3087
Foggia;2011;Maschi;75-79;2550
Foggia;2011;Maschi;80-84;1687
Foggia;2011;Maschi;85 e oltre;1066
Foggia;2011;Tutti;40-44;940
Foggia;2011;Tutti;45-49;1671
Foggia;2011;Tutti;50-54;2736
Foggia;2011;Tutti;55-59;4089
Foggia;2011;Tutti;60-64;5892
Foggia;2011;Tutti;65-69;6238
Foggia;2011;Tutti;70-74;6535
Foggia;2011;Tutti;75-79;5995
Foggia;2011;Tutti;80-84;4417
Foggia;2011;Tutti;85 e oltre;3195
Foggia;2012;Femmine;40-44;436
Foggia;2012;Femmine;45-49;664
Foggia;2012;Femmine;50-54;1101
Foggia;2012;Femmine;55-59;1827
Foggia;2012;Femmine;60-64;2737
Foggia;2012;Femmine;65-69;3171
Foggia;2012;Femmine;70-74;3435
Foggia;2012;Femmine;75-79;3464
Foggia;2012;Femmine;80-84;2684
Foggia;2012;Femmine;85 e oltre;2320
Foggia;2012;Maschi;40-44;469
Foggia;2012;Maschi;45-49;964
Foggia;2012;Maschi;50-54;1615
Foggia;2012;Maschi;55-59;2265
Foggia;2012;Maschi;60-64;3071
Foggia;2012;Maschi;65-69;3266
Foggia;2012;Maschi;70-74;3173
Foggia;2012;Maschi;75-79;2645
Foggia;2012;Maschi;80-84;1751
Foggia;2012;Maschi;85 e oltre;1151
Foggia;2012;Tutti;40-44;905
Foggia;2012;Tutti;45-49;1628
Foggia;2012;Tutti;50-54;2716
Foggia;2012;Tutti;55-59;4092
Foggia;2012;Tutti;60-64;5808
Foggia;2012;Tutti;65-69;6437
Foggia;2012;Tutti;70-74;6608
Foggia;2012;Tutti;75-79;6109
Foggia;2012;Tutti;80-84;4435
Foggia;2012;Tutti;85 e oltre;3471
Foggia;2013;Femmine;40-44;436
Foggia;2013;Femmine;45-49;648
Foggia;2013;Femmine;50-54;1064
Foggia;2013;Femmine;55-59;1791
Foggia;2013;Femmine;60-64;2623
Foggia;2013;Femmine;65-69;3342
Foggia;2013;Femmine;70-74;3295
Foggia;2013;Femmine;75-79;3552
Foggia;2013;Femmine;80-84;2735
Foggia;2013;Femmine;85 e oltre;2492
Foggia;2013;Maschi;40-44;467
Foggia;2013;Maschi;45-49;948
Foggia;2013;Maschi;50-54;1606
Foggia;2013;Maschi;55-59;2297
Foggia;2013;Maschi;60-64;2974
Foggia;2013;Maschi;65-69;3563
Foggia;2013;Maschi;70-74;3128
Foggia;2013;Maschi;75-79;2740
Foggia;2013;Maschi;80-84;1836
Foggia;2013;Maschi;85 e oltre;1232
Foggia;2013;Tutti;40-44;903
Foggia;2013;Tutti;45-49;1596
Foggia;2013;Tutti;50-54;2670
Foggia;2013;Tutti;55-59;4088
Foggia;2013;Tutti;60-64;5597
Foggia;2013;Tutti;65-69;6905
Foggia;2013;Tutti;70-74;6423
Foggia;2013;Tutti;75-79;6292
Foggia;2013;Tutti;80-84;4571
Foggia;2013;Tutti;85 e oltre;3724
Foggia;2014;Femmine;40-44;423
Foggia;2014;Femmine;45-49;633
Foggia;2014;Femmine;50-54;1090
Foggia;2014;Femmine;55-59;1764
Foggia;2014;Femmine;60-64;2467
Foggia;2014;Femmine;65-69;3460
Foggia;2014;Femmine;70-74;3192
Foggia;2014;Femmine;75-79;3537
Foggia;2014;Femmine;80-84;2885
Foggia;2014;Femmine;85 e oltre;2555
Foggia;2014;Maschi;40-44;455
Foggia;2014;Maschi;45-49;912
Foggia;2014;Maschi;50-54;1603
Foggia;2014;Maschi;55-59;2219
Foggia;2014;Maschi;60-64;2986
Foggia;2014;Maschi;65-69;3741
Foggia;2014;Maschi;70-74;3125
Foggia;2014;Maschi;75-79;2833
Foggia;2014;Maschi;80-84;1933
Foggia;2014;Maschi;85 e oltre;1308
Foggia;2014;Tutti;40-44;878
Foggia;2014;Tutti;45-49;1545
Foggia;2014;Tutti;50-54;2693
Foggia;2014;Tutti;55-59;3983
Foggia;2014;Tutti;60-64;5453
Foggia;2014;Tutti;65-69;7201
Foggia;2014;Tutti;70-74;6317
Foggia;2014;Tutti;75-79;6370
Foggia;2014;Tutti;80-84;4818
Foggia;2014;Tutti;85 e oltre;3863
Foggia;2015;Femmine;40-44;408
Foggia;2015;Femmine;45-49;626
Foggia;2015;Femmine;50-54;1122
Foggia;2015;Femmine;55-59;1725
Foggia;2015;Femmine;60-64;2427
Foggia;2015;Femmine;65-69;3485
Foggia;2015;Femmine;70-74;3187
Foggia;2015;Femmine;75-79;3486
Foggia;2015;Femmine;80-84;2876
Foggia;2015;Femmine;85 e oltre;2682
Foggia;2015;Maschi;40-44;433
Foggia;2015;Maschi;45-49;919
Foggia;2015;Maschi;50-54;1558
Foggia;2015;Maschi;55-59;2281
Foggia;2015;Maschi;60-64;2963
Foggia;2015;Maschi;65-69;3840
Foggia;2015;Maschi;70-74;3131
Foggia;2015;Maschi;75-79;2950
Foggia;2015;Maschi;80-84;1978
Foggia;2015;Maschi;85 e oltre;1390
Foggia;2015;Tutti;40-44;841
Foggia;2015;Tutti;45-49;1545
Foggia;2015;Tutti;50-54;2680
Foggia;2015;Tutti;55-59;4006
Foggia;2015;Tutti;60-64;5390
Foggia;2015;Tutti;65-69;7325
Foggia;2015;Tutti;70-74;6318
Foggia;2015;Tutti;75-79;6436
Foggia;2015;Tutti;80-84;4854
Foggia;2015;Tutti;85 e oltre;4072
Foggia;2016;Femmine;40-44;428
Foggia;2016;Femmine;45-49;604
Foggia;2016;Femmine;50-54;1098
Foggia;2016;Femmine;55-59;1691
Foggia;2016;Femmine;60-64;2389
Foggia;2016;Femmine;65-69;3362
Foggia;2016;Femmine;70-74;3357
Foggia;2016;Femmine;75-79;3458
Foggia;2016;Femmine;80-84;2994
Foggia;2016;Femmine;85 e oltre;2734
Foggia;2016;Maschi;40-44;449
Foggia;2016;Maschi;45-49;883
Foggia;2016;Maschi;50-54;1538
Foggia;2016;Maschi;55-59;2261
Foggia;2016;Maschi;60-64;2985
Foggia;2016;Maschi;65-69;3756
Foggia;2016;Maschi;70-74;3425
Foggia;2016;Maschi;75-79;2993
Foggia;2016;Maschi;80-84;2041
Foggia;2016;Maschi;85 e oltre;1460
Foggia;2016;Tutti;40-44;877
Foggia;2016;Tutti;45-49;1487
Foggia;2016;Tutti;50-54;2636
Foggia;2016;Tutti;55-59;3952
Foggia;2016;Tutti;60-64;5374
Foggia;2016;Tutti;65-69;7118
Foggia;2016;Tutti;70-74;6782
Foggia;2016;Tutti;75-79;6451
Foggia;2016;Tutti;80-84;5035
Foggia;2016;Tutti;85 e oltre;4194
Foggia;2017;Femmine;40-44;441
Foggia;2017;Femmine;45-49;616
Foggia;2017;Femmine;50-54;1050
Foggia;2017;Femmine;55-59;1662
Foggia;2017;Femmine;60-64;2392
Foggia;2017;Femmine;65-69;3264
Foggia;2017;Femmine;70-74;3501
Foggia;2017;Femmine;75-79;3385
Foggia;2017;Femmine;80-84;2972
Foggia;2017;Femmine;85 e oltre;2779
Foggia;2017;Maschi;40-44;468
Foggia;2017;Maschi;45-49;833
Foggia;2017;Maschi;50-54;1536
Foggia;2017;Maschi;55-59;2326
Foggia;2017;Maschi;60-64;3039
Foggia;2017;Maschi;65-69;3701
Foggia;2017;Maschi;70-74;3599
Foggia;2017;Maschi;75-79;3039
Foggia;2017;Maschi;80-84;2151
Foggia;2017;Maschi;85 e oltre;1466
Foggia;2017;Tutti;40-44;909
Foggia;2017;Tutti;45-49;1449
Foggia;2017;Tutti;50-54;2586
Foggia;2017;Tutti;55-59;3988
Foggia;2017;Tutti;60-64;5431
Foggia;2017;Tutti;65-69;6965
Foggia;2017;Tutti;70-74;7100
Foggia;2017;Tutti;75-79;6424
Foggia;2017;Tutti;80-84;5123
Foggia;2017;Tutti;85 e oltre;4245
Foggia;2018;Femmine;40-44;452
Foggia;2018;Femmine;45-49;602
Foggia;2018;Femmine;50-54;1027
Foggia;2018;Femmine;55-59;1639
Foggia;2018;Femmine;60-64;2388
Foggia;2018;Femmine;65-69;3186
Foggia;2018;Femmine;70-74;3751
Foggia;2018;Femmine;75-79;3319
Foggia;2018;Femmine;80-84;3164
Foggia;2018;Femmine;85 e oltre;3118
Foggia;2018;Maschi;40-44;439
Foggia;2018;Maschi;45-49;834
Foggia;2018;Maschi;50-54;1508
Foggia;2018;Maschi;55-59;2340
Foggia;2018;Maschi;60-64;3105
Foggia;2018;Maschi;65-69;3653
Foggia;2018;Maschi;70-74;3987
Foggia;2018;Maschi;75-79;3076
Foggia;2018;Maschi;80-84;2349
Foggia;2018;Maschi;85 e oltre;1738
Foggia;2018;Tutti;40-44;891
Foggia;2018;Tutti;45-49;1436
Foggia;2018;Tutti;50-54;2535
Foggia;2018;Tutti;55-59;3979
Foggia;2018;Tutti;60-64;5493
Foggia;2018;Tutti;65-69;6839
Foggia;2018;Tutti;70-74;7738
Foggia;2018;Tutti;75-79;6395
Foggia;2018;Tutti;80-84;5513
Foggia;2018;Tutti;85 e oltre;4856
Foggia;2019;Femmine;40-44;459
Foggia;2019;Femmine;45-49;588
Foggia;2019;Femmine;50-54;982
Foggia;2019;Femmine;55-59;1630
Foggia;2019;Femmine;60-64;2354
Foggia;2019;Femmine;65-69;3023
Foggia;2019;Femmine;70-74;3840
Foggia;2019;Femmine;75-79;3200
Foggia;2019;Femmine;80-84;3072
Foggia;2019;Femmine;85 e oltre;3011
Foggia;2019;Maschi;40-44;419
Foggia;2019;Maschi;45-49;837
Foggia;2019;Maschi;50-54;1483
Foggia;2019;Maschi;55-59;2353
Foggia;2019;Maschi;60-64;3069
Foggia;2019;Maschi;65-69;3702
Foggia;2019;Maschi;70-74;4050
Foggia;2019;Maschi;75-79;3023
Foggia;2019;Maschi;80-84;2347
Foggia;2019;Maschi;85 e oltre;1668
Foggia;2019;Tutti;40-44;878
Foggia;2019;Tutti;45-49;1425
Foggia;2019;Tutti;50-54;2465
Foggia;2019;Tutti;55-59;3983
Foggia;2019;Tutti;60-64;5423
Foggia;2019;Tutti;65-69;6725
Foggia;2019;Tutti;70-74;7890
Foggia;2019;Tutti;75-79;6223
Foggia;2019;Tutti;80-84;5419
Foggia;2019;Tutti;85 e oltre;4679
Lecce;2006;Femmine;40-44;245
Lecce;2006;Femmine;45-49;441
Lecce;2006;Femmine;50-54;921
Lecce;2006;Femmine;55-59;1848
Lecce;2006;Femmine;60-64;2592
Lecce;2006;Femmine;65-69;3154
Lecce;2006;Femmine;70-74;3618
Lecce;2006;Femmine;75-79;3666
Lecce;2006;Femmine;80-84;2593
Lecce;2006;Femmine;85 e oltre;1759
Lecce;2006;Maschi;40-44;373
Lecce;2006;Maschi;45-49;649
Lecce;2006;Maschi;50-54;1153
Lecce;2006;Maschi;55-59;1867
Lecce;2006;Maschi;60-64;2281
Lecce;2006;Maschi;65-69;2674
Lecce;2006;Maschi;70-74;2714
Lecce;2006;Maschi;75-79;2265
Lecce;2006;Maschi;80-84;1283
Lecce;2006;Maschi;85 e oltre;542
Lecce;2006;Tutti;40-44;618
Lecce;2006;Tutti;45-49;1090
Lecce;2006;Tutti;50-54;2074
Lecce;2006;Tutti;55-59;3715
Lecce;2006;Tutti;60-64;4873
Lecce;2006;Tutti;65-69;5828
Lecce;2006;Tutti;70-74;6332
Lecce;2006;Tutti;75-79;5931
Lecce;2006;Tutti;80-84;3876
Lecce;2006;Tutti;85 e oltre;2301
Lecce;2007;Femmine;40-44;363
Lecce;2007;Femmine;45-49;563
Lecce;2007;Femmine;50-54;1075
Lecce;2007;Femmine;55-59;2094
Lecce;2007;Femmine;60-64;3031
Lecce;2007;Femmine;65-69;3595
Lecce;2007;Femmine;70-74;3929
Lecce;2007;Femmine;75-79;4098
Lecce;2007;Femmine;80-84;2910
Lecce;2007;Femmine;85 e oltre;2048
Lecce;2007;Maschi;40-44;483
Lecce;2007;Maschi;45-49;845
Lecce;2007;Maschi;50-54;1409
Lecce;2007;Maschi;55-59;2217
Lecce;2007;Maschi;60-64;2877
Lecce;2007;Maschi;65-69;3185
Lecce;2007;Maschi;70-74;3068
Lecce;2007;Maschi;75-79;2623
Lecce;2007;Maschi;80-84;1492
Lecce;2007;Maschi;85 e oltre;682
Lecce;2007;Tutti;40-44;846
Lecce;2007;Tutti;45-49;1408
Lecce;2007;Tutti;50-54;2484
Lecce;2007;Tutti;55-59;4311
Lecce;2007;Tutti;60-64;5908
Lecce;2007;Tutti;65-69;6780
Lecce;2007;Tutti;70-74;6997
Lecce;2007;Tutti;75-79;6721
Lecce;2007;Tutti;80-84;4402
Lecce;2007;Tutti;85 e oltre;2730
Lecce;2008;Femmine;40-44;374
Lecce;2008;Femmine;45-49;594
Lecce;2008;Femmine;50-54;1100
Lecce;2008;Femmine;55-59;1973
Lecce;2008;Femmine;60-64;3180
Lecce;2008;Femmine;65-69;3645
Lecce;2008;Femmine;70-74;4121
Lecce;2008;Femmine;75-79;4184
Lecce;2008;Femmine;80-84;3089
Lecce;2008;Femmine;85 e oltre;2238
Lecce;2008;Maschi;40-44;507
Lecce;2008;Maschi;45-49;871
Lecce;2008;Maschi;50-54;1456
Lecce;2008;Maschi;55-59;2225
Lecce;2008;Maschi;60-64;3103
Lecce;2008;Maschi;65-69;3343
Lecce;2008;Maschi;70-74;3283
Lecce;2008;Maschi;75-79;2843
Lecce;2008;Maschi;80-84;1591
Lecce;2008;Maschi;85 e oltre;784
Lecce;2008;Tutti;40-44;881
Lecce;2008;Tutti;45-49;1465
Lecce;2008;Tutti;50-54;2556
Lecce;2008;Tutti;55-59;4198
Lecce;2008;Tutti;60-64;6283
Lecce;2008;Tutti;65-69;6988
Lecce;2008;Tutti;70-74;7404
Lecce;2008;Tutti;75-79;7027
Lecce;2008;Tutti;80-84;4680
Lecce;2008;Tutti;85 e oltre;3022
Lecce;2009;Femmine;40-44;378
Lecce;2009;Femmine;45-49;616
Lecce;2009;Femmine;50-54;1118
Lecce;2009;Femmine;55-59;1917
Lecce;2009;Femmine;60-64;3330
Lecce;2009;Femmine;65-69;3637
Lecce;2009;Femmine;70-74;4273
Lecce;2009;Femmine;75-79;4281
Lecce;2009;Femmine;80-84;3338
Lecce;2009;Femmine;85 e oltre;2451
Lecce;2009;Maschi;40-44;517
Lecce;2009;Maschi;45-49;913
Lecce;2009;Maschi;50-54;1495
Lecce;2009;Maschi;55-59;2282
Lecce;2009;Maschi;60-64;3327
Lecce;2009;Maschi;65-69;3388
Lecce;2009;Maschi;70-74;3461
Lecce;2009;Maschi;75-79;2922
Lecce;2009;Maschi;80-84;1818
Lecce;2009;Maschi;85 e oltre;902
Lecce;2009;Tutti;40-44;895
Lecce;2009;Tutti;45-49;1529
Lecce;2009;Tutti;50-54;2613
Lecce;2009;Tutti;55-59;4199
Lecce;2009;Tutti;60-64;6657
Lecce;2009;Tutti;65-69;7025
Lecce;2009;Tutti;70-74;7734
Lecce;2009;Tutti;75-79;7203
Lecce;2009;Tutti;80-84;5156
Lecce;2009;Tutti;85 e oltre;3353
Lecce;2010;Femmine;40-44;413
Lecce;2010;Femmine;45-49;641
Lecce;2010;Femmine;50-54;1120
Lecce;2010;Femmine;55-59;1891
Lecce;2010;Femmine;60-64;3399
Lecce;2010;Femmine;65-69;3714
Lecce;2010;Femmine;70-74;4362
Lecce;2010;Femmine;75-79;4321
Lecce;2010;Femmine;80-84;3494
Lecce;2010;Femmine;85 e oltre;2646
Lecce;2010;Maschi;40-44;483
Lecce;2010;Maschi;45-49;944
Lecce;2010;Maschi;50-54;1520
Lecce;2010;Maschi;55-59;2309
Lecce;2010;Maschi;60-64;3500
Lecce;2010;Maschi;65-69;3506
Lecce;2010;Maschi;70-74;3591
Lecce;2010;Maschi;75-79;3062
Lecce;2010;Maschi;80-84;1974
Lecce;2010;Maschi;85 e oltre;1002
Lecce;2010;Tutti;40-44;896
Lecce;2010;Tutti;45-49;1585
Lecce;2010;Tutti;50-54;2640
Lecce;2010;Tutti;55-59;4200
Lecce;2010;Tutti;60-64;6899
Lecce;2010;Tutti;65-69;7220
Lecce;2010;Tutti;70-74;7953
Lecce;2010;Tutti;75-79;7383
Lecce;2010;Tutti;80-84;5468
Lecce;2010;Tutti;85 e oltre;3648
Lecce;2011;Femmine;40-44;412
Lecce;2011;Femmine;45-49;667
Lecce;2011;Femmine;50-54;1053
Lecce;2011;Femmine;55-59;1896
Lecce;2011;Femmine;60-64;3227
Lecce;2011;Femmine;65-69;3979
Lecce;2011;Femmine;70-74;4351
Lecce;2011;Femmine;75-79;4349
Lecce;2011;Femmine;80-84;3729
Lecce;2011;Femmine;85 e oltre;2848
Lecce;2011;Maschi;40-44;480
Lecce;2011;Maschi;45-49;952
Lecce;2011;Maschi;50-54;1558
Lecce;2011;Maschi;55-59;2318
Lecce;2011;Maschi;60-64;3494
Lecce;2011;Maschi;65-69;3776
Lecce;2011;Maschi;70-74;3698
Lecce;2011;Maschi;75-79;3185
Lecce;2011;Maschi;80-84;2121
Lecce;2011;Maschi;85 e oltre;1087
Lecce;2011;Tutti;40-44;892
Lecce;2011;Tutti;45-49;1619
Lecce;2011;Tutti;50-54;2611
Lecce;2011;Tutti;55-59;4214
Lecce;2011;Tutti;60-64;6721
Lecce;2011;Tutti;65-69;7755
Lecce;2011;Tutti;70-74;8049
Lecce;2011;Tutti;75-79;7534
Lecce;2011;Tutti;80-84;5850
Lecce;2011;Tutti;85 e oltre;3935
Lecce;2012;Femmine;40-44;405
Lecce;2012;Femmine;45-49;682
Lecce;2012;Femmine;50-54;1049
Lecce;2012;Femmine;55-59;1888
Lecce;2012;Femmine;60-64;3049
Lecce;2012;Femmine;65-69;4057
Lecce;2012;Femmine;70-74;4490
Lecce;2012;Femmine;75-79;4307
Lecce;2012;Femmine;80-84;3821
Lecce;2012;Femmine;85 e oltre;3057
Lecce;2012;Maschi;40-44;465
Lecce;2012;Maschi;45-49;978
Lecce;2012;Maschi;50-54;1556
Lecce;2012;Maschi;55-59;2348
Lecce;2012;Maschi;60-64;3364
Lecce;2012;Maschi;65-69;3969
Lecce;2012;Maschi;70-74;3908
Lecce;2012;Maschi;75-79;3269
Lecce;2012;Maschi;80-84;2288
Lecce;2012;Maschi;85 e oltre;1176
Lecce;2012;Tutti;40-44;870
Lecce;2012;Tutti;45-49;1660
Lecce;2012;Tutti;50-54;2605
Lecce;2012;Tutti;55-59;4236
Lecce;2012;Tutti;60-64;6413
Lecce;2012;Tutti;65-69;8026
Lecce;2012;Tutti;70-74;8398
Lecce;2012;Tutti;75-79;7576
Lecce;2012;Tutti;80-84;6109
Lecce;2012;Tutti;85 e oltre;4233
Lecce;2013;Femmine;40-44;422
Lecce;2013;Femmine;45-49;648
Lecce;2013;Femmine;50-54;1113
Lecce;2013;Femmine;55-59;1837
Lecce;2013;Femmine;60-64;2836
Lecce;2013;Femmine;65-69;4195
Lecce;2013;Femmine;70-74;4458
Lecce;2013;Femmine;75-79;4511
Lecce;2013;Femmine;80-84;3843
Lecce;2013;Femmine;85 e oltre;3281
Lecce;2013;Maschi;40-44;447
Lecce;2013;Maschi;45-49;968
Lecce;2013;Maschi;50-54;1576
Lecce;2013;Maschi;55-59;2376
Lecce;2013;Maschi;60-64;3283
Lecce;2013;Maschi;65-69;4140
Lecce;2013;Maschi;70-74;4016
Lecce;2013;Maschi;75-79;3403
Lecce;2013;Maschi;80-84;2394
Lecce;2013;Maschi;85 e oltre;1241
Lecce;2013;Tutti;40-44;869
Lecce;2013;Tutti;45-49;1616
Lecce;2013;Tutti;50-54;2689
Lecce;2013;Tutti;55-59;4213
Lecce;2013;Tutti;60-64;6119
Lecce;2013;Tutti;65-69;8335
Lecce;2013;Tutti;70-74;8474
Lecce;2013;Tutti;75-79;7914
Lecce;2013;Tutti;80-84;6237
Lecce;2013;Tutti;85 e oltre;4522
Lecce;2014;Femmine;40-44;435
Lecce;2014;Femmine;45-49;629
Lecce;2014;Femmine;50-54;1091
Lecce;2014;Femmine;55-59;1793
Lecce;2014;Femmine;60-64;2717
Lecce;2014;Femmine;65-69;4268
Lecce;2014;Femmine;70-74;4318
Lecce;2014;Femmine;75-79;4587
Lecce;2014;Femmine;80-84;3959
Lecce;2014;Femmine;85 e oltre;3474
Lecce;2014;Maschi;40-44;432
Lecce;2014;Maschi;45-49;940
Lecce;2014;Maschi;50-54;1581
Lecce;2014;Maschi;55-59;2375
Lecce;2014;Maschi;60-64;3313
Lecce;2014;Maschi;65-69;4330
Lecce;2014;Maschi;70-74;3986
Lecce;2014;Maschi;75-79;3554
Lecce;2014;Maschi;80-84;2454
Lecce;2014;Maschi;85 e oltre;1438
Lecce;2014;Tutti;40-44;867
Lecce;2014;Tutti;45-49;1569
Lecce;2014;Tutti;50-54;2672
Lecce;2014;Tutti;55-59;4168
Lecce;2014;Tutti;60-64;6030
Lecce;2014;Tutti;65-69;8598
Lecce;2014;Tutti;70-74;8304
Lecce;2014;Tutti;75-79;8141
Lecce;2014;Tutti;80-84;6413
Lecce;2014;Tutti;85 e oltre;4912
Lecce;2015;Femmine;40-44;423
Lecce;2015;Femmine;45-49;636
Lecce;2015;Femmine;50-54;1077
Lecce;2015;Femmine;55-59;1741
Lecce;2015;Femmine;60-64;2662
Lecce;2015;Femmine;65-69;4258
Lecce;2015;Femmine;70-74;4285
Lecce;2015;Femmine;75-79;4559
Lecce;2015;Femmine;80-84;3958
Lecce;2015;Femmine;85 e oltre;3621
Lecce;2015;Maschi;40-44;438
Lecce;2015;Maschi;45-49;870
Lecce;2015;Maschi;50-54;1587
Lecce;2015;Maschi;55-59;2354
Lecce;2015;Maschi;60-64;3303
Lecce;2015;Maschi;65-69;4468
Lecce;2015;Maschi;70-74;4043
Lecce;2015;Maschi;75-79;3664
Lecce;2015;Maschi;80-84;2571
Lecce;2015;Maschi;85 e oltre;1586
Lecce;2015;Tutti;40-44;861
Lecce;2015;Tutti;45-49;1506
Lecce;2015;Tutti;50-54;2664
Lecce;2015;Tutti;55-59;4095
Lecce;2015;Tutti;60-64;5965
Lecce;2015;Tutti;65-69;8726
Lecce;2015;Tutti;70-74;8328
Lecce;2015;Tutti;75-79;8223
Lecce;2015;Tutti;80-84;6529
Lecce;2015;Tutti;85 e oltre;5207
Lecce;2016;Femmine;40-44;453
Lecce;2016;Femmine;45-49;617
Lecce;2016;Femmine;50-54;1082
Lecce;2016;Femmine;55-59;1607
Lecce;2016;Femmine;60-64;2635
Lecce;2016;Femmine;65-69;4070
Lecce;2016;Femmine;70-74;4466
Lecce;2016;Femmine;75-79;4613
Lecce;2016;Femmine;80-84;3931
Lecce;2016;Femmine;85 e oltre;3868
Lecce;2016;Maschi;40-44;440
Lecce;2016;Maschi;45-49;833
Lecce;2016;Maschi;50-54;1580
Lecce;2016;Maschi;55-59;2327
Lecce;2016;Maschi;60-64;3283
Lecce;2016;Maschi;65-69;4425
Lecce;2016;Maschi;70-74;4257
Lecce;2016;Maschi;75-79;3777
Lecce;2016;Maschi;80-84;2673
Lecce;2016;Maschi;85 e oltre;1731
Lecce;2016;Tutti;40-44;893
Lecce;2016;Tutti;45-49;1450
Lecce;2016;Tutti;50-54;2662
Lecce;2016;Tutti;55-59;3934
Lecce;2016;Tutti;60-64;5918
Lecce;2016;Tutti;65-69;8495
Lecce;2016;Tutti;70-74;8723
Lecce;2016;Tutti;75-79;8390
Lecce;2016;Tutti;80-84;6604
Lecce;2016;Tutti;85 e oltre;5599
Lecce;2017;Femmine;40-44;481
Lecce;2017;Femmine;45-49;586
Lecce;2017;Femmine;50-54;1066
Lecce;2017;Femmine;55-59;1596
Lecce;2017;Femmine;60-64;2632
Lecce;2017;Femmine;65-69;3817
Lecce;2017;Femmine;70-74;4592
Lecce;2017;Femmine;75-79;4692
Lecce;2017;Femmine;80-84;3886
Lecce;2017;Femmine;85 e oltre;4012
Lecce;2017;Maschi;40-44;432
Lecce;2017;Maschi;45-49;807
Lecce;2017;Maschi;50-54;1578
Lecce;2017;Maschi;55-59;2305
Lecce;2017;Maschi;60-64;3292
Lecce;2017;Maschi;65-69;4283
Lecce;2017;Maschi;70-74;4500
Lecce;2017;Maschi;75-79;3927
Lecce;2017;Maschi;80-84;2740
Lecce;2017;Maschi;85 e oltre;1835
Lecce;2017;Tutti;40-44;913
Lecce;2017;Tutti;45-49;1393
Lecce;2017;Tutti;50-54;2644
Lecce;2017;Tutti;55-59;3901
Lecce;2017;Tutti;60-64;5924
Lecce;2017;Tutti;65-69;8100
Lecce;2017;Tutti;70-74;9092
Lecce;2017;Tutti;75-79;8619
Lecce;2017;Tutti;80-84;6626
Lecce;2017;Tutti;85 e oltre;5847
Lecce;2018;Femmine;40-44;508
Lecce;2018;Femmine;45-49;593
Lecce;2018;Femmine;50-54;1034
Lecce;2018;Femmine;55-59;1612
Lecce;2018;Femmine;60-64;2533
Lecce;2018;Femmine;65-69;3606
Lecce;2018;Femmine;70-74;4732
Lecce;2018;Femmine;75-79;4672
Lecce;2018;Femmine;80-84;4204
Lecce;2018;Femmine;85 e oltre;4474
Lecce;2018;Maschi;40-44;452
Lecce;2018;Maschi;45-49;766
Lecce;2018;Maschi;50-54;1558
Lecce;2018;Maschi;55-59;2363
Lecce;2018;Maschi;60-64;3295
Lecce;2018;Maschi;65-69;4277
Lecce;2018;Maschi;70-74;4795
Lecce;2018;Maschi;75-79;4127
Lecce;2018;Maschi;80-84;2985
Lecce;2018;Maschi;85 e oltre;2168
Lecce;2018;Tutti;40-44;960
Lecce;2018;Tutti;45-49;1359
Lecce;2018;Tutti;50-54;2592
Lecce;2018;Tutti;55-59;3975
Lecce;2018;Tutti;60-64;5828
Lecce;2018;Tutti;65-69;7883
Lecce;2018;Tutti;70-74;9527
Lecce;2018;Tutti;75-79;8799
Lecce;2018;Tutti;80-84;7189
Lecce;2018;Tutti;85 e oltre;6642
Lecce;2019;Femmine;40-44;517
Lecce;2019;Femmine;45-49;598
Lecce;2019;Femmine;50-54;1002
Lecce;2019;Femmine;55-59;1672
Lecce;2019;Femmine;60-64;2487
Lecce;2019;Femmine;65-69;3464
Lecce;2019;Femmine;70-74;4870
Lecce;2019;Femmine;75-79;4435
Lecce;2019;Femmine;80-84;4164
Lecce;2019;Femmine;85 e oltre;4281
Lecce;2019;Maschi;40-44;441
Lecce;2019;Maschi;45-49;769
Lecce;2019;Maschi;50-54;1496
Lecce;2019;Maschi;55-59;2383
Lecce;2019;Maschi;60-64;3304
Lecce;2019;Maschi;65-69;4207
Lecce;2019;Maschi;70-74;4907
Lecce;2019;Maschi;75-79;3994
Lecce;2019;Maschi;80-84;3033
Lecce;2019;Maschi;85 e oltre;2105
Lecce;2019;Tutti;40-44;958
Lecce;2019;Tutti;45-49;1367
Lecce;2019;Tutti;50-54;2498
Lecce;2019;Tutti;55-59;4055
Lecce;2019;Tutti;60-64;5791
Lecce;2019;Tutti;65-69;7671
Lecce;2019;Tutti;70-74;9777
Lecce;2019;Tutti;75-79;8429
Lecce;2019;Tutti;80-84;7197
Lecce;2019;Tutti;85 e oltre;6386
Taranto;2006;Femmine;40-44;242
Taranto;2006;Femmine;45-49;422
Taranto;2006;Femmine;50-54;826
Taranto;2006;Femmine;55-59;1421
Taranto;2006;Femmine;60-64;1899
Taranto;2006;Femmine;65-69;2433
Taranto;2006;Femmine;70-74;2546
Taranto;2006;Femmine;75-79;2461
Taranto;2006;Femmine;80-84;1852
Taranto;2006;Femmine;85 e oltre;1079
Taranto;2006;Maschi;40-44;323
Taranto;2006;Maschi;45-49;660
Taranto;2006;Maschi;50-54;1050
Taranto;2006;Maschi;55-59;1794
Taranto;2006;Maschi;60-64;2029
Taranto;2006;Maschi;65-69;2306
Taranto;2006;Maschi;70-74;2141
Taranto;2006;Maschi;75-79;1534
Taranto;2006;Maschi;80-84;1022
Taranto;2006;Maschi;85 e oltre;517
Taranto;2006;Tutti;40-44;565
Taranto;2006;Tutti;45-49;1082
Taranto;2006;Tutti;50-54;1876
Taranto;2006;Tutti;55-59;3215
Taranto;2006;Tutti;60-64;3928
Taranto;2006;Tutti;65-69;4739
Taranto;2006;Tutti;70-74;4687
Taranto;2006;Tutti;75-79;3995
Taranto;2006;Tutti;80-84;2874
Taranto;2006;Tutti;85 e oltre;1596
Taranto;2007;Femmine;40-44;324
Taranto;2007;Femmine;45-49;515
Taranto;2007;Femmine;50-54;900
Taranto;2007;Femmine;55-59;1545
Taranto;2007;Femmine;60-64;2219
Taranto;2007;Femmine;65-69;2661
Taranto;2007;Femmine;70-74;2893
Taranto;2007;Femmine;75-79;2678
Taranto;2007;Femmine;80-84;2055
Taranto;2007;Femmine;85 e oltre;1371
Taranto;2007;Maschi;40-44;388
Taranto;2007;Maschi;45-49;770
Taranto;2007;Maschi;50-54;1212
Taranto;2007;Maschi;55-59;1996
Taranto;2007;Maschi;60-64;2402
Taranto;2007;Maschi;65-69;2604
Taranto;2007;Maschi;70-74;2440
Taranto;2007;Maschi;75-79;1733
Taranto;2007;Maschi;80-84;1148
Taranto;2007;Maschi;85 e oltre;598
Taranto;2007;Tutti;40-44;712
Taranto;2007;Tutti;45-49;1285
Taranto;2007;Tutti;50-54;2112
Taranto;2007;Tutti;55-59;3541
Taranto;2007;Tutti;60-64;4621
Taranto;2007;Tutti;65-69;5265
Taranto;2007;Tutti;70-74;5333
Taranto;2007;Tutti;75-79;4411
Taranto;2007;Tutti;80-84;3203
Taranto;2007;Tutti;85 e oltre;1969
Taranto;2008;Femmine;40-44;352
Taranto;2008;Femmine;45-49;538
Taranto;2008;Femmine;50-54;945
Taranto;2008;Femmine;55-59;1559
Taranto;2008;Femmine;60-64;2310
Taranto;2008;Femmine;65-69;2674
Taranto;2008;Femmine;70-74;2931
Taranto;2008;Femmine;75-79;2778
Taranto;2008;Femmine;80-84;2108
Taranto;2008;Femmine;85 e oltre;1507
Taranto;2008;Maschi;40-44;398
Taranto;2008;Maschi;45-49;764
Taranto;2008;Maschi;50-54;1270
Taranto;2008;Maschi;55-59;1959
Taranto;2008;Maschi;60-64;2678
Taranto;2008;Maschi;65-69;2713
Taranto;2008;Maschi;70-74;2597
Taranto;2008;Maschi;75-79;1906
Taranto;2008;Maschi;80-84;1178
Taranto;2008;Maschi;85 e oltre;669
Taranto;2008;Tutti;40-44;750
Taranto;2008;Tutti;45-49;1302
Taranto;2008;Tutti;50-54;2215
Taranto;2008;Tutti;55-59;3518
Taranto;2008;Tutti;60-64;4988
Taranto;2008;Tutti;65-69;5387
Taranto;2008;Tutti;70-74;5528
Taranto;2008;Tutti;75-79;4684
Taranto;2008;Tutti;80-84;3286
Taranto;2008;Tutti;85 e oltre;2176
Taranto;2009;Femmine;40-44;386
Taranto;2009;Femmine;45-49;563
Taranto;2009;Femmine;50-54;950
Taranto;2009;Femmine;55-59;1588
Taranto;2009;Femmine;60-64;2422
Taranto;2009;Femmine;65-69;2702
Taranto;2009;Femmine;70-74;3004
Taranto;2009;Femmine;75-79;2927
Taranto;2009;Femmine;80-84;2188
Taranto;2009;Femmine;85 e oltre;1644
Taranto;2009;Maschi;40-44;418
Taranto;2009;Maschi;45-49;784
Taranto;2009;Maschi;50-54;1295
Taranto;2009;Maschi;55-59;1981
Taranto;2009;Maschi;60-64;2903
Taranto;2009;Maschi;65-69;2831
Taranto;2009;Maschi;70-74;2749
Taranto;2009;Maschi;75-79;2163
Taranto;2009;Maschi;80-84;1238
Taranto;2009;Maschi;85 e oltre;723
Taranto;2009;Tutti;40-44;804
Taranto;2009;Tutti;45-49;1347
Taranto;2009;Tutti;50-54;2245
Taranto;2009;Tutti;55-59;3569
Taranto;2009;Tutti;60-64;5325
Taranto;2009;Tutti;65-69;5533
Taranto;2009;Tutti;70-74;5753
Taranto;2009;Tutti;75-79;5090
Taranto;2009;Tutti;80-84;3426
Taranto;2009;Tutti;85 e oltre;2367
Taranto;2010;Femmine;40-44;381
Taranto;2010;Femmine;45-49;617
Taranto;2010;Femmine;50-54;972
Taranto;2010;Femmine;55-59;1635
Taranto;2010;Femmine;60-64;2514
Taranto;2010;Femmine;65-69;2744
Taranto;2010;Femmine;70-74;3172
Taranto;2010;Femmine;75-79;2900
Taranto;2010;Femmine;80-84;2323
Taranto;2010;Femmine;85 e oltre;1775
Taranto;2010;Maschi;40-44;416
Taranto;2010;Maschi;45-49;800
Taranto;2010;Maschi;50-54;1354
Taranto;2010;Maschi;55-59;2037
Taranto;2010;Maschi;60-64;2978
Taranto;2010;Maschi;65-69;2903
Taranto;2010;Maschi;70-74;2954
Taranto;2010;Maschi;75-79;2329
Taranto;2010;Maschi;80-84;1317
Taranto;2010;Maschi;85 e oltre;803
Taranto;2010;Tutti;40-44;797
Taranto;2010;Tutti;45-49;1417
Taranto;2010;Tutti;50-54;2326
Taranto;2010;Tutti;55-59;3672
Taranto;2010;Tutti;60-64;5492
Taranto;2010;Tutti;65-69;5647
Taranto;2010;Tutti;70-74;6126
Taranto;2010;Tutti;75-79;5229
Taranto;2010;Tutti;80-84;3640
Taranto;2010;Tutti;85 e oltre;2578
Taranto;2011;Femmine;40-44;388
Taranto;2011;Femmine;45-49;620
Taranto;2011;Femmine;50-54;992
Taranto;2011;Femmine;55-59;1618
Taranto;2011;Femmine;60-64;2499
Taranto;2011;Femmine;65-69;2904
Taranto;2011;Femmine;70-74;3266
Taranto;2011;Femmine;75-79;2976
Taranto;2011;Femmine;80-84;2432
Taranto;2011;Femmine;85 e oltre;1895
Taranto;2011;Maschi;40-44;387
Taranto;2011;Maschi;45-49;803
Taranto;2011;Maschi;50-54;1416
Taranto;2011;Maschi;55-59;2024
Taranto;2011;Maschi;60-64;3011
Taranto;2011;Maschi;65-69;3083
Taranto;2011;Maschi;70-74;3096
Taranto;2011;Maschi;75-79;2436
Taranto;2011;Maschi;80-84;1429
Taranto;2011;Maschi;85 e oltre;887
Taranto;2011;Tutti;40-44;775
Taranto;2011;Tutti;45-49;1423
Taranto;2011;Tutti;50-54;2408
Taranto;2011;Tutti;55-59;3642
Taranto;2011;Tutti;60-64;5510
Taranto;2011;Tutti;65-69;5987
Taranto;2011;Tutti;70-74;6362
Taranto;2011;Tutti;75-79;5412
Taranto;2011;Tutti;80-84;3861
Taranto;2011;Tutti;85 e oltre;2782
Taranto;2012;Femmine;40-44;368
Taranto;2012;Femmine;45-49;636
Taranto;2012;Femmine;50-54;984
Taranto;2012;Femmine;55-59;1638
Taranto;2012;Femmine;60-64;2443
Taranto;2012;Femmine;65-69;3104
Taranto;2012;Femmine;70-74;3288
Taranto;2012;Femmine;75-79;3067
Taranto;2012;Femmine;80-84;2443
Taranto;2012;Femmine;85 e oltre;2033
Taranto;2012;Maschi;40-44;395
Taranto;2012;Maschi;45-49;808
Taranto;2012;Maschi;50-54;1408
Taranto;2012;Maschi;55-59;2045
Taranto;2012;Maschi;60-64;3001
Taranto;2012;Maschi;65-69;3312
Taranto;2012;Maschi;70-74;3204
Taranto;2012;Maschi;75-79;2586
Taranto;2012;Maschi;80-84;1528
Taranto;2012;Maschi;85 e oltre;942
Taranto;2012;Tutti;40-44;763
Taranto;2012;Tutti;45-49;1444
Taranto;2012;Tutti;50-54;2392
Taranto;2012;Tutti;55-59;3683
Taranto;2012;Tutti;60-64;5444
Taranto;2012;Tutti;65-69;6416
Taranto;2012;Tutti;70-74;6492
Taranto;2012;Tutti;75-79;5653
Taranto;2012;Tutti;80-84;3971
Taranto;2012;Tutti;85 e oltre;2975
Taranto;2013;Femmine;40-44;372
Taranto;2013;Femmine;45-49;670
Taranto;2013;Femmine;50-54;1027
Taranto;2013;Femmine;55-59;1657
Taranto;2013;Femmine;60-64;2404
Taranto;2013;Femmine;65-69;3214
Taranto;2013;Femmine;70-74;3291
Taranto;2013;Femmine;75-79;3176
Taranto;2013;Femmine;80-84;2530
Taranto;2013;Femmine;85 e oltre;2177
Taranto;2013;Maschi;40-44;403
Taranto;2013;Maschi;45-49;823
Taranto;2013;Maschi;50-54;1399
Taranto;2013;Maschi;55-59;2093
Taranto;2013;Maschi;60-64;2948
Taranto;2013;Maschi;65-69;3589
Taranto;2013;Maschi;70-74;3275
Taranto;2013;Maschi;75-79;2730
Taranto;2013;Maschi;80-84;1681
Taranto;2013;Maschi;85 e oltre;994
Taranto;2013;Tutti;40-44;775
Taranto;2013;Tutti;45-49;1493
Taranto;2013;Tutti;50-54;2426
Taranto;2013;Tutti;55-59;3750
Taranto;2013;Tutti;60-64;5352
Taranto;2013;Tutti;65-69;6803
Taranto;2013;Tutti;70-74;6566
Taranto;2013;Tutti;75-79;5906
Taranto;2013;Tutti;80-84;4211
Taranto;2013;Tutti;85 e oltre;3171
Taranto;2014;Femmine;40-44;390
Taranto;2014;Femmine;45-49;633
Taranto;2014;Femmine;50-54;1068
Taranto;2014;Femmine;55-59;1651
Taranto;2014;Femmine;60-64;2387
Taranto;2014;Femmine;65-69;3314
Taranto;2014;Femmine;70-74;3298
Taranto;2014;Femmine;75-79;3266
Taranto;2014;Femmine;80-84;2670
Taranto;2014;Femmine;85 e oltre;2274
Taranto;2014;Maschi;40-44;386
Taranto;2014;Maschi;45-49;803
Taranto;2014;Maschi;50-54;1414
Taranto;2014;Maschi;55-59;2128
Taranto;2014;Maschi;60-64;2888
Taranto;2014;Maschi;65-69;3812
Taranto;2014;Maschi;70-74;3331
Taranto;2014;Maschi;75-79;2850
Taranto;2014;Maschi;80-84;1840
Taranto;2014;Maschi;85 e oltre;1057
Taranto;2014;Tutti;40-44;776
Taranto;2014;Tutti;45-49;1436
Taranto;2014;Tutti;50-54;2482
Taranto;2014;Tutti;55-59;3779
Taranto;2014;Tutti;60-64;5275
Taranto;2014;Tutti;65-69;7126
Taranto;2014;Tutti;70-74;6629
Taranto;2014;Tutti;75-79;6116
Taranto;2014;Tutti;80-84;4510
Taranto;2014;Tutti;85 e oltre;3331
Taranto;2015;Femmine;40-44;467
Taranto;2015;Femmine;45-49;627
Taranto;2015;Femmine;50-54;1095
Taranto;2015;Femmine;55-59;1604
Taranto;2015;Femmine;60-64;2384
Taranto;2015;Femmine;65-69;3352
Taranto;2015;Femmine;70-74;3321
Taranto;2015;Femmine;75-79;3409
Taranto;2015;Femmine;80-84;2678
Taranto;2015;Femmine;85 e oltre;2434
Taranto;2015;Maschi;40-44;379
Taranto;2015;Maschi;45-49;764
Taranto;2015;Maschi;50-54;1400
Taranto;2015;Maschi;55-59;2188
Taranto;2015;Maschi;60-64;2877
Taranto;2015;Maschi;65-69;3900
Taranto;2015;Maschi;70-74;3383
Taranto;2015;Maschi;75-79;3003
Taranto;2015;Maschi;80-84;1997
Taranto;2015;Maschi;85 e oltre;1112
Taranto;2015;Tutti;40-44;846
Taranto;2015;Tutti;45-49;1391
Taranto;2015;Tutti;50-54;2495
Taranto;2015;Tutti;55-59;3792
Taranto;2015;Tutti;60-64;5261
Taranto;2015;Tutti;65-69;7252
Taranto;2015;Tutti;70-74;6704
Taranto;2015;Tutti;75-79;6412
Taranto;2015;Tutti;80-84;4675
Taranto;2015;Tutti;85 e oltre;3546
Taranto;2016;Femmine;40-44;475
Taranto;2016;Femmine;45-49;633
Taranto;2016;Femmine;50-54;1063
Taranto;2016;Femmine;55-59;1591
Taranto;2016;Femmine;60-64;2326
Taranto;2016;Femmine;65-69;3274
Taranto;2016;Femmine;70-74;3482
Taranto;2016;Femmine;75-79;3458
Taranto;2016;Femmine;80-84;2670
Taranto;2016;Femmine;85 e oltre;2560
Taranto;2016;Maschi;40-44;383
Taranto;2016;Maschi;45-49;724
Taranto;2016;Maschi;50-54;1360
Taranto;2016;Maschi;55-59;2182
Taranto;2016;Maschi;60-64;2865
Taranto;2016;Maschi;65-69;3919
Taranto;2016;Maschi;70-74;3598
Taranto;2016;Maschi;75-79;3148
Taranto;2016;Maschi;80-84;2066
Taranto;2016;Maschi;85 e oltre;1214
Taranto;2016;Tutti;40-44;858
Taranto;2016;Tutti;45-49;1357
Taranto;2016;Tutti;50-54;2423
Taranto;2016;Tutti;55-59;3773
Taranto;2016;Tutti;60-64;5191
Taranto;2016;Tutti;65-69;7193
Taranto;2016;Tutti;70-74;7080
Taranto;2016;Tutti;75-79;6606
Taranto;2016;Tutti;80-84;4736
Taranto;2016;Tutti;85 e oltre;3774
Taranto;2017;Femmine;40-44;509
Taranto;2017;Femmine;45-49;648
Taranto;2017;Femmine;50-54;1051
Taranto;2017;Femmine;55-59;1622
Taranto;2017;Femmine;60-64;2294
Taranto;2017;Femmine;65-69;3179
Taranto;2017;Femmine;70-74;3604
Taranto;2017;Femmine;75-79;3434
Taranto;2017;Femmine;80-84;2791
Taranto;2017;Femmine;85 e oltre;2602
Taranto;2017;Maschi;40-44;394
Taranto;2017;Maschi;45-49;692
Taranto;2017;Maschi;50-54;1325
Taranto;2017;Maschi;55-59;2207
Taranto;2017;Maschi;60-64;2867
Taranto;2017;Maschi;65-69;3849
Taranto;2017;Maschi;70-74;3814
Taranto;2017;Maschi;75-79;3230
Taranto;2017;Maschi;80-84;2206
Taranto;2017;Maschi;85 e oltre;1311
Taranto;2017;Tutti;40-44;903
Taranto;2017;Tutti;45-49;1340
Taranto;2017;Tutti;50-54;2376
Taranto;2017;Tutti;55-59;3829
Taranto;2017;Tutti;60-64;5161
Taranto;2017;Tutti;65-69;7028
Taranto;2017;Tutti;70-74;7418
Taranto;2017;Tutti;75-79;6664
Taranto;2017;Tutti;80-84;4997
Taranto;2017;Tutti;85 e oltre;3913
Taranto;2018;Femmine;40-44;532
Taranto;2018;Femmine;45-49;642
Taranto;2018;Femmine;50-54;1079
Taranto;2018;Femmine;55-59;1635
Taranto;2018;Femmine;60-64;2319
Taranto;2018;Femmine;65-69;3101
Taranto;2018;Femmine;70-74;3788
Taranto;2018;Femmine;75-79;3504
Taranto;2018;Femmine;80-84;2971
Taranto;2018;Femmine;85 e oltre;2986
Taranto;2018;Maschi;40-44;392
Taranto;2018;Maschi;45-49;690
Taranto;2018;Maschi;50-54;1314
Taranto;2018;Maschi;55-59;2212
Taranto;2018;Maschi;60-64;2877
Taranto;2018;Maschi;65-69;3767
Taranto;2018;Maschi;70-74;4219
Taranto;2018;Maschi;75-79;3397
Taranto;2018;Maschi;80-84;2422
Taranto;2018;Maschi;85 e oltre;1624
Taranto;2018;Tutti;40-44;924
Taranto;2018;Tutti;45-49;1332
Taranto;2018;Tutti;50-54;2393
Taranto;2018;Tutti;55-59;3847
Taranto;2018;Tutti;60-64;5196
Taranto;2018;Tutti;65-69;6868
Taranto;2018;Tutti;70-74;8007
Taranto;2018;Tutti;75-79;6901
Taranto;2018;Tutti;80-84;5393
Taranto;2018;Tutti;85 e oltre;4610
Taranto;2019;Femmine;40-44;557
Taranto;2019;Femmine;45-49;637
Taranto;2019;Femmine;50-54;1022
Taranto;2019;Femmine;55-59;1646
Taranto;2019;Femmine;60-64;2274
Taranto;2019;Femmine;65-69;3030
Taranto;2019;Femmine;70-74;3755
Taranto;2019;Femmine;75-79;3392
Taranto;2019;Femmine;80-84;2951
Taranto;2019;Femmine;85 e oltre;2819
Taranto;2019;Maschi;40-44;377
Taranto;2019;Maschi;45-49;678
Taranto;2019;Maschi;50-54;1270
Taranto;2019;Maschi;55-59;2122
Taranto;2019;Maschi;60-64;2914
Taranto;2019;Maschi;65-69;3628
Taranto;2019;Maschi;70-74;4314
Taranto;2019;Maschi;75-79;3323
Taranto;2019;Maschi;80-84;2384
Taranto;2019;Maschi;85 e oltre;1593
Taranto;2019;Tutti;40-44;934
Taranto;2019;Tutti;45-49;1315
Taranto;2019;Tutti;50-54;2292
Taranto;2019;Tutti;55-59;3768
Taranto;2019;Tutti;60-64;5188
Taranto;2019;Tutti;65-69;6658
Taranto;2019;Tutti;70-74;8069
Taranto;2019;Tutti;75-79;6715
Taranto;2019;Tutti;80-84;5335
Taranto;2019;Tutti;85 e oltre;4412